Categoria CID-10;RO;AC;AM;RR;PA;AP;TO;MA;PI;CE;RN;PB;PE;AL;SE;BA;MG;ES;RJ;SP;PR;SC;RS;MS;MT;GO;DF;Total
A02   Outr infecc p/Salmonella;-;-;-;-;-;-;-;-;-;2;-;-;-;-;-;-;-;-;-;-;1;-;-;-;-;-;-;3
A04   Outr infecc intestinais bacter;-;-;1;1;10;-;1;8;2;2;1;1;-;-;-;5;5;-;5;6;2;-;1;-;1;3;-;55
A05   Outr intox alimentares bacter NCOP;-;-;-;-;-;-;-;-;-;2;-;-;-;1;-;1;-;-;1;1;-;-;-;-;-;-;-;6
A06   Amebiase;-;3;-;-;-;-;-;-;-;-;-;-;-;-;-;-;-;-;-;-;-;-;-;-;-;1;-;4
A08   Infecc intestinais virais outr e as NE;-;-;4;-;2;1;-;3;-;-;-;1;-;-;-;3;3;-;1;1;-;-;-;-;-;-;-;19
A09   Diarreia e gastroenterite orig infecc presum;8;15;59;20;36;4;5;30;9;21;9;5;30;16;7;41;33;9;34;55;13;9;8;12;17;12;7;524
A15   Tuberc respirat c/conf bacteriol e histolog;-;1;8;1;1;-;-;2;-;1;-;2;-;-;-;1;-;1;3;-;1;-;2;-;-;-;-;24
A16   Tuberc vias respirat s/conf bacter histol;-;-;3;1;4;-;-;2;-;3;1;-;4;1;1;1;1;1;8;4;1;1;-;1;1;-;1;40
A17   Tuberc do sist nervoso;-;-;1;-;-;-;-;-;-;-;-;1;1;-;-;1;-;-;3;3;1;-;2;-;-;1;-;14
A18   Tuberc de outr orgaos;-;-;-;-;-;-;-;-;-;-;-;-;-;-;-;-;-;-;2;1;-;-;1;-;-;-;-;4
A19   Tuberc miliar;-;-;-;-;1;-;-;-;-;-;-;-;2;-;-;-;-;-;1;-;1;-;1;-;-;-;-;6
A27   Leptospirose;-;1;1;-;1;-;-;-;-;-;1;1;1;-;-;2;-;-;1;4;-;-;-;-;1;1;1;16
A31   Infecc dev outr micobacterias;-;-;-;-;1;-;-;-;-;-;-;-;-;-;-;-;-;-;-;1;-;-;-;-;-;-;-;2
A35   Outr tipos de tetano;-;-;-;-;1;1;-;1;-;-;-;-;-;-;-;-;-;-;-;-;-;-;-;-;-;-;-;3
A36   Difteria;-;-;-;-;1;-;-;2;-;-;-;-;-;-;-;-;-;-;-;-;-;-;-;-;-;-;-;3
A37   Coqueluche;-;-;1;-;-;-;-;-;-;-;-;-;2;-;-;-;-;-;-;3;-;-;-;-;-;1;1;8
A39   Infecc meningogocica;1;-;3;1;3;-;1;4;-;5;-;1;4;-;-;4;3;-;9;25;2;4;7;-;-;1;3;81
A40   Septicemia estreptococica;-;-;-;-;-;-;-;-;-;-;-;-;-;-;-;-;-;-;-;1;-;-;1;-;-;-;-;2
A41   Outr septicemias;16;5;37;6;82;12;5;60;23;24;23;18;39;19;10;86;69;4;115;153;24;22;19;13;26;20;15;945
A42   Actinomicose;-;-;-;-;-;-;-;-;-;-;-;-;-;-;-;-;1;-;-;1;-;-;-;-;-;-;-;2
A46   Erisipela;-;-;-;-;-;-;-;-;-;1;-;-;-;-;-;-;2;-;-;1;-;-;-;-;-;-;-;4
A48   Outr doenc bacter NCOP;-;-;-;-;1;-;-;1;2;1;-;-;-;-;-;3;1;-;-;4;-;2;1;-;-;1;-;17
A49   Infecc bacter de localiz NE;-;-;-;-;2;1;-;1;1;-;-;-;1;-;-;2;1;1;1;-;-;-;-;-;1;1;-;13
A50   Sifilis congen;3;2;8;1;13;1;2;7;4;8;6;4;31;5;-;17;21;5;51;35;6;3;13;3;5;5;4;263
A52   Sifilis tard;-;-;1;-;-;-;-;-;-;-;-;-;-;-;-;-;-;-;-;-;-;-;-;1;-;-;-;2
A54   Infecc gonococica;-;-;-;-;-;-;-;-;-;-;-;-;-;-;-;-;1;-;-;-;-;-;-;-;-;-;-;1
A59   Tricomoniase;-;-;-;-;-;-;-;-;-;-;-;-;-;-;-;-;-;-;-;-;-;-;-;-;1;-;-;1
A68   Febres recorrentes;-;-;1;-;-;-;-;-;-;-;-;-;-;-;-;1;-;-;-;-;-;-;-;-;-;-;-;2
A69   Outr infecc p/espiroquetas;-;-;-;-;-;-;-;-;-;-;-;-;-;-;-;-;-;-;-;1;-;-;-;-;-;-;-;1
A77   Febre maculosa;-;-;-;-;-;-;-;-;-;-;-;-;-;-;-;-;1;-;-;7;-;-;-;-;-;-;-;8
A81   Infecc p/virus atipicos sist nervoso central;-;-;-;-;-;-;-;-;-;-;-;-;-;-;-;1;-;-;-;-;-;-;-;-;-;-;-;1
A82   Raiva;-;-;-;-;9;-;-;-;-;-;-;-;-;-;-;-;-;-;-;-;-;-;-;-;-;-;-;9
A83   Encefalite p/virus transm p/mosquitos;-;-;-;-;-;-;-;-;-;-;1;-;-;-;-;-;-;-;-;-;-;-;-;-;-;-;-;1
A85   Outr encefalites virais NCOP;-;-;-;-;-;-;-;-;-;-;-;-;-;-;-;-;1;-;-;1;-;-;-;-;-;-;-;2
A86   Encefalite viral NE;-;-;1;1;6;1;2;2;1;3;1;-;2;1;-;2;3;1;4;11;-;-;1;1;-;3;1;48
A87   Meningite viral;-;-;-;-;2;1;-;-;-;-;-;-;-;-;-;2;-;-;2;-;4;2;-;1;-;-;-;14
A90   Dengue;-;-;-;-;-;-;-;2;-;-;-;4;-;-;-;-;1;1;1;-;-;-;-;1;-;2;-;12
A91   Febre hemorragica dev virus do dengue;-;-;-;-;-;-;-;1;-;-;3;-;1;-;-;1;1;1;1;-;-;-;-;-;1;2;-;12
A92   Outr febres virais transm p/mosquitos;-;1;-;-;-;-;-;-;2;2;1;1;-;1;-;-;2;-;3;-;-;-;-;-;-;-;-;13
A93   Outr febres p/virus transm p/artropodes NCOP;-;-;-;-;-;-;-;-;-;-;-;-;-;-;-;-;1;-;-;-;-;-;-;-;-;-;-;1
A94   Febre viral transm p/artropodes NE;-;-;-;-;-;-;-;-;-;2;-;-;-;-;-;-;2;-;-;-;-;-;-;-;-;-;-;4
A95   Febre amarela;-;-;-;-;-;-;-;-;-;-;-;-;-;-;-;-;1;-;3;2;-;-;-;-;-;-;-;6
A98   Outr febres hemorragicas p/virus NCOP;-;-;-;-;-;-;-;1;-;-;-;-;-;-;-;-;1;-;-;-;1;1;1;-;-;-;-;5
A99   Febres hemorragicas virais NE;-;-;-;-;-;-;1;-;-;-;-;-;-;1;-;-;1;1;-;1;1;-;-;-;-;-;-;6
B00   Infecc p/virus do herpes;-;-;-;-;-;-;-;-;-;-;-;-;-;-;-;-;1;-;1;1;-;-;1;-;1;-;1;6
B01   Varicela;1;1;1;2;1;-;-;2;-;4;-;-;4;-;1;-;1;-;-;1;-;-;1;-;1;2;-;23
B02   Herpes zoster;-;-;-;-;-;-;-;-;-;-;-;-;-;-;1;-;-;-;-;-;-;-;-;-;-;-;-;1
B05   Sarampo;-;-;2;2;2;-;-;-;-;-;-;-;-;-;-;-;-;-;-;-;-;-;-;-;-;-;-;6
B06   Rubeola;-;-;-;-;-;-;-;-;-;1;-;-;-;-;-;-;-;-;-;-;-;-;-;-;-;-;-;1
B08   Outr inf virais lesoes pele membr muc NCOP;-;-;-;-;-;-;-;-;-;-;-;-;-;-;-;-;-;-;-;1;-;-;-;-;-;-;-;1
B15   Hepatite aguda A;-;-;-;-;-;-;-;-;-;-;-;-;-;-;-;-;2;-;-;-;-;-;-;-;-;-;-;2
B17   Outr hepatites virais agudas;-;-;-;-;-;-;-;-;-;-;-;-;1;-;-;-;-;-;-;-;-;-;-;-;1;-;-;2
B18   Hepatite viral cronica;-;-;-;-;-;-;-;-;-;-;-;1;-;-;-;-;-;-;-;1;-;-;-;-;-;-;-;2
B19   Hepatite viral NE;-;1;1;-;2;-;-;-;1;-;-;-;-;1;-;-;1;1;1;2;-;-;1;1;-;-;-;13
B20   Doenc p/HIV result doenc infecc e parasit;1;-;4;3;12;1;-;4;-;2;3;1;5;-;-;11;4;-;17;11;1;3;6;-;1;1;-;91
B21   Doenc p/HIV result em neopl malig;-;-;-;-;-;-;-;-;-;1;-;-;-;-;-;-;-;-;-;-;-;-;-;-;-;-;-;1
B22   Doenc p/HIV result em outr doenc espec;1;-;-;-;3;-;-;3;1;1;-;1;1;-;-;1;-;-;5;1;1;-;2;-;1;1;-;23
B23   Doenc p/HIV result em outr doenc;-;-;-;-;1;-;-;-;-;-;-;-;-;-;-;-;-;-;-;-;-;-;-;-;-;-;-;1
B24   Doenc p/HIV NE;-;-;-;-;-;-;-;-;-;-;-;1;1;-;-;2;1;-;2;-;1;-;2;1;-;-;-;11
B25   Doenc p/citomegalovirus;-;-;1;-;2;-;-;-;1;-;-;-;1;-;-;-;4;-;2;1;1;-;-;-;1;-;1;15
B26   Caxumba;-;-;-;-;-;-;-;-;-;-;-;-;-;-;-;1;-;-;-;-;-;-;-;-;-;-;-;1
B27   Mononucleose infecc;-;-;-;-;-;-;-;-;-;1;-;-;-;-;-;-;-;-;-;1;-;-;-;-;-;1;-;3
B33   Outr doenc p/virus NCOP;-;-;-;-;1;-;-;-;-;-;-;-;-;-;-;1;-;-;1;2;-;-;-;-;1;-;-;6
B34   Doenc p/virus de localiz NE;-;-;-;-;-;-;-;1;-;-;-;-;1;1;-;3;1;-;2;-;-;-;-;1;1;1;-;12
B37   Candidiase;-;-;1;-;-;1;-;1;-;-;1;-;-;-;-;4;1;-;-;6;-;-;-;-;-;1;-;16
B41   Paracoccidioidomicose;-;1;-;-;-;-;-;-;-;-;-;-;-;-;-;-;1;-;-;2;1;-;-;-;-;-;-;5
B44   Aspergilose;-;-;-;-;-;-;-;-;-;-;1;-;-;-;-;-;-;-;-;-;-;-;-;-;-;-;-;1
B45   Criptococose;-;-;2;-;-;-;1;-;-;-;-;-;-;-;-;-;-;-;-;-;-;-;-;-;-;-;-;3
B49   Micose NE;-;-;-;-;1;-;-;-;1;-;-;-;-;-;1;2;1;-;1;4;-;-;1;-;-;-;-;12
B50   Malaria p/Plasmodium falciparum;-;-;1;-;1;-;-;-;-;-;-;-;-;-;-;-;-;-;-;-;-;-;-;-;-;-;-;2
B51   Malaria p/Plasmodium vivax;-;-;4;1;1;-;-;-;-;-;-;-;-;-;-;-;-;-;-;-;-;-;-;-;-;-;-;6
B54   Malaria NE;-;-;2;-;-;-;-;-;-;-;-;-;-;-;-;-;-;-;-;-;-;-;-;-;1;-;-;3
B55   Leishmaniose;-;-;-;2;22;-;1;21;7;5;1;1;5;3;1;5;1;-;-;-;-;-;-;-;1;1;1;78
B57   Doenc de Chagas;-;-;-;-;3;1;-;-;-;-;-;1;-;1;-;-;-;-;-;1;-;-;-;-;-;-;-;7
B58   Toxoplasmose;-;-;-;-;-;-;-;2;-;-;-;-;1;-;1;-;1;-;-;1;-;-;-;-;-;-;-;6
B59   Pneumocistose;-;-;-;-;-;-;-;1;-;-;-;-;-;-;-;-;1;-;-;-;-;-;-;-;-;-;-;2
B65   Esquistossomose;-;-;-;-;-;-;-;-;-;-;-;-;-;1;-;-;1;-;-;-;-;-;-;-;-;-;-;2
B69   Cisticercose;-;-;-;-;-;-;-;-;-;-;-;-;-;-;-;-;-;-;-;-;-;-;1;-;-;-;-;1
B77   Ascaridiase;-;-;1;-;2;-;-;-;-;-;-;-;-;1;-;-;-;-;-;-;-;-;-;-;-;-;-;4
B87   Miiase;-;-;-;-;-;-;-;-;-;-;-;-;-;-;-;1;-;-;-;-;-;-;-;-;-;-;-;1
B89   Doenc parasit NE;-;-;-;1;-;-;-;-;-;-;-;-;-;-;-;-;-;-;-;-;-;-;-;-;-;-;-;1
B90   Sequelas de tuberc;-;-;-;-;-;-;-;-;-;-;-;-;-;-;-;1;-;-;-;1;-;-;-;-;-;-;-;2
B91   Sequelas de poliomielite;-;-;-;-;-;-;-;-;-;-;-;-;-;-;-;-;1;-;-;1;-;-;-;-;-;-;-;2
B94   Sequelas de outr doenc infecc e parasit e NE;-;-;-;-;-;-;-;1;-;-;-;-;-;-;-;-;1;-;-;1;-;-;-;-;-;-;1;4
B99   Doenc infecc outr e as NE;-;-;1;-;-;-;-;-;1;-;-;-;13;4;-;-;-;1;-;2;-;-;-;-;-;-;-;22
C01   Neopl malig da base da lingua;-;-;-;-;-;-;-;-;-;-;-;-;-;-;-;-;-;-;-;-;-;1;-;-;-;-;-;1
C07   Neopl malig da gland parotida;-;-;-;-;-;-;-;1;-;-;-;-;-;-;-;-;1;-;-;-;-;-;-;-;-;-;-;2
C08   Neopl malig outr gland saliv maiores e NE;-;-;-;-;-;-;-;-;-;-;-;-;-;-;-;-;-;-;-;1;-;-;-;-;-;-;-;1
C11   Neopl malig da nasofaringe;-;-;-;-;-;-;-;1;-;2;-;-;-;-;1;-;-;-;-;2;1;-;-;-;2;-;-;9
C14   Neop mal out loc mal def labio cav oral far;-;-;-;-;-;-;-;-;-;-;-;-;-;-;-;1;-;-;-;-;-;-;-;-;-;-;1;2
C16   Neopl malig do estomago;-;1;-;-;-;-;-;-;-;-;-;-;-;-;-;-;-;-;-;2;1;1;-;1;-;-;-;6
C17   Neopl malig do intestino delgado;-;-;-;-;-;-;-;-;-;-;-;-;-;-;-;-;-;-;-;2;-;-;-;-;-;-;-;2
C18   Neopl malig do colon;-;-;1;-;-;-;-;-;-;1;1;-;1;-;-;1;-;-;2;5;2;-;1;-;-;-;-;15
C20   Neopl malig do reto;-;-;-;-;-;-;-;-;-;-;-;-;1;-;-;-;-;-;-;-;1;-;-;-;-;-;-;2
C22   Neopl malig figado vias biliares intra-hepat;-;-;-;-;-;-;-;4;-;-;-;-;5;-;-;3;2;2;2;13;3;1;-;-;-;1;-;36
C23   Neopl malig da vesicula biliar;-;-;-;-;-;-;-;-;-;-;-;-;-;-;-;-;-;-;-;-;1;-;-;-;-;-;-;1
C24   Neopl malig outr partes e NE vias biliares;-;-;-;-;1;-;-;-;1;-;-;1;-;-;-;-;-;-;-;1;-;-;-;-;-;-;-;4
C25   Neopl malig do pancreas;-;-;-;-;1;-;-;-;-;-;-;1;-;-;-;-;1;-;-;1;1;1;-;-;-;-;-;6
C26   Neopl malig outr mal def aparelho digestivo;-;-;-;-;1;-;-;-;1;-;-;-;-;-;-;-;1;-;-;-;-;-;-;-;-;2;-;5
C30   Neopl malig cavidade nasal e do ouvido medio;-;-;1;-;-;-;-;-;-;-;-;-;-;-;-;-;-;-;-;-;-;-;-;1;-;-;-;2
C31   Neopl malig dos seios da face;-;-;-;-;-;-;-;-;-;-;-;-;-;-;-;-;-;-;-;-;1;-;-;-;-;-;-;1
C32   Neopl malig da laringe;-;-;-;-;-;-;-;-;-;-;-;-;-;-;-;-;-;-;-;1;-;-;-;-;-;-;-;1
C34   Neopl malig dos bronquios e dos pulmoes;1;-;1;-;4;-;-;3;-;1;-;1;-;1;-;3;3;1;1;5;2;1;1;1;-;1;1;32
C38   Neopl malig do coracao mediastino e pleura;-;-;1;-;1;-;-;2;-;2;1;-;-;1;-;3;4;2;4;6;-;-;1;-;-;-;1;29
C39   Neop mal out loc mal def ap resp org intrat;-;-;-;-;-;-;-;1;-;-;-;-;-;-;-;-;-;-;-;-;-;-;-;-;-;-;-;1
C40   Neopl malig ossos/cartilag artic membros;-;-;2;-;4;-;1;1;3;2;-;2;3;1;1;8;6;5;8;16;4;3;8;1;-;3;2;84
C41   Neopl malig ossos/cartil artic outr loc e NE;-;-;7;-;9;-;-;3;2;14;1;5;10;5;3;5;14;3;8;34;8;3;5;5;2;10;4;160
C43   Melanoma malig da pele;-;-;-;-;1;-;-;-;-;-;-;-;-;-;-;-;1;1;-;-;1;-;-;-;-;-;-;4
C44   Outr neopl malig da pele;1;-;-;-;-;-;-;-;-;1;-;-;1;-;-;1;-;-;-;-;-;-;-;-;-;-;-;4
C46   Sarcoma de Kaposi;-;-;-;-;-;-;-;-;-;1;-;-;-;-;-;-;-;-;-;-;-;-;-;-;-;-;-;1
C47   Neopl malig nervos perif e sist nerv autonom;-;-;-;-;-;-;-;-;-;-;-;1;-;-;-;1;1;-;-;2;1;2;-;-;-;-;-;8
C48   Neopl malig tec moles retro- e peritonio;1;-;-;-;1;-;-;2;-;-;-;-;-;-;-;1;1;-;-;4;1;-;-;-;-;1;2;14
C49   Neopl malig tec conjuntivo e outr tec moles;-;-;2;-;4;-;-;3;2;5;1;5;6;1;2;7;7;-;7;23;8;2;5;-;-;5;1;96
C50   Neopl malig da mama;-;-;-;-;-;-;-;-;-;-;-;-;-;-;-;-;1;-;-;-;-;-;-;-;-;-;-;1
C51   Neopl malig da vulva;-;-;-;-;-;-;-;-;-;-;-;-;-;-;-;-;-;-;-;-;-;1;-;-;-;-;-;1
C53   Neopl malig do colo do utero;-;-;1;-;-;-;-;-;-;-;-;-;-;-;-;1;-;-;-;1;-;-;-;-;-;-;-;3
C54   Neopl malig do corpo do utero;-;-;-;-;-;-;-;-;-;-;-;-;-;-;-;-;-;-;-;-;-;-;1;-;-;-;-;1
C56   Neopl malig do ovario;-;-;-;-;1;1;-;-;-;2;1;-;1;-;-;2;2;-;1;5;-;1;-;-;-;1;1;19
C61   Neopl malig da prostata;-;-;-;-;1;-;-;-;-;-;-;-;-;-;-;-;-;1;-;1;-;-;-;-;-;-;-;3
C62   Neopl malig dos testiculos;-;-;-;-;2;1;-;-;-;1;-;-;-;-;-;1;-;-;2;7;-;4;2;-;-;-;2;22
C64   Neopl malig do rim exceto pelve renal;2;1;4;-;5;-;-;-;5;1;3;-;1;-;2;6;5;4;7;18;3;6;2;1;-;2;2;80
C65   Neopl malig da pelve renal;-;-;-;1;-;-;-;-;-;-;-;-;-;-;-;-;-;-;-;-;-;-;-;-;-;-;-;1
C67   Neopl malig da bexiga;-;-;-;-;-;-;-;1;-;-;-;-;-;-;-;-;-;-;2;-;1;-;-;-;-;-;-;4
C68   Neopl malig de outr orgaos urinarios e NE;-;-;-;-;-;-;1;-;-;-;-;-;-;-;-;-;-;-;-;-;-;-;-;-;-;-;-;1
C69   Neopl malig do olho e anexos;-;-;2;-;3;-;-;1;1;2;-;-;5;-;1;1;2;1;1;10;1;1;2;1;2;2;-;39
C71   Neopl malig do encefalo;-;1;13;-;26;3;3;14;17;24;5;12;14;12;4;38;34;12;34;111;25;13;31;1;9;17;10;483
C72   Neop mal med esp nerv cran out sist nerv cen;-;-;-;-;4;-;-;1;2;8;3;3;14;3;1;8;9;-;9;22;6;3;6;2;2;4;-;110
C73   Neopl malig da gland tireoide;-;-;-;-;-;-;-;1;-;-;-;-;-;-;-;-;-;-;-;-;-;-;1;-;-;-;-;2
C74   Neopl malig da gland supra-renal;-;-;1;1;2;-;-;3;2;5;3;2;11;-;3;6;7;5;14;27;7;4;10;1;4;4;4;126
C75   Neopl malig outr gland endocrinas estr relac;-;-;-;-;-;-;-;-;-;-;1;-;-;-;-;1;2;-;2;4;-;-;-;-;-;1;1;12
C76   Neopl malig outr localiz e mal definidas;-;-;3;-;7;-;-;3;-;3;1;3;1;3;-;3;5;-;1;7;1;2;-;-;-;1;3;47
C78   Neopl malig secund org respirat e digestivos;1;-;-;-;-;-;-;1;-;1;-;-;1;-;-;-;-;-;-;1;-;-;-;-;-;-;-;5
C79   Neopl malig secund de outr localiz;-;1;-;-;-;1;-;1;-;-;1;-;1;-;-;4;2;-;-;-;-;1;-;-;-;-;-;12
C80   Neopl malig s/especificacao de localiz;-;-;1;-;-;-;-;-;1;-;1;1;3;1;-;1;3;-;5;5;-;1;-;-;1;-;-;24
C81   Doenc de Hodgkin;-;-;2;-;2;-;1;1;-;1;-;-;2;1;-;3;4;-;2;6;2;-;3;-;-;1;-;31
C82   Linfoma nao-Hodgkin folicular;-;-;-;-;-;-;-;-;-;-;-;-;-;-;-;-;-;-;-;-;-;-;-;-;-;-;1;1
C83   Linfoma nao-Hodgkin difuso;-;1;1;-;2;-;-;6;-;2;-;3;2;1;2;4;6;-;2;15;4;4;6;-;2;-;-;63
C84   Linfomas de celulas T cutaneas e perifericas;-;-;-;-;1;-;-;-;-;-;-;-;-;-;-;-;-;-;-;3;2;-;1;-;-;-;-;7
C85   Linfoma nao-Hodgkin de outr tipos e tipo NE;-;1;2;-;2;1;-;2;1;1;4;-;3;3;1;4;4;-;4;12;10;3;4;3;3;4;1;73
C90   Mieloma mult e neopl malig de plasmocitos;-;-;-;-;-;-;-;-;-;-;-;-;-;-;-;1;-;-;-;-;-;-;-;-;-;-;-;1
C91   Leucemia linfoide;5;4;23;1;35;1;2;26;14;22;11;8;20;10;5;30;28;11;20;97;29;16;19;2;7;14;7;467
C92   Leucemia mieloide;5;1;5;-;7;2;1;9;6;14;9;4;7;7;6;14;29;8;16;80;10;8;4;3;7;9;4;275
C93   Leucemia monocitica;-;-;-;-;1;-;-;-;-;-;-;-;-;-;-;-;-;-;-;-;-;-;-;-;-;-;-;1
C94   Outr leucemias de celulas de tipo espec;-;-;-;-;-;-;-;-;-;-;-;-;-;-;-;-;-;-;-;-;1;1;1;-;1;-;-;4
C95   Leucemia de tipo celular NE;1;1;5;1;7;-;1;7;2;4;4;1;1;6;2;7;8;3;2;17;2;2;6;3;1;2;-;96
C96   Outr neopl mal e NE tec linf hematop e corr;-;-;1;-;-;-;1;-;-;1;-;-;-;-;-;1;-;-;-;1;-;1;1;-;-;-;-;7
C97   Neopl malig de localiz mult independentes;-;-;-;-;-;-;-;-;-;-;-;-;-;-;-;-;-;-;-;-;1;-;-;-;-;-;-;1
D03   Melanoma in situ;-;-;-;-;1;-;-;-;-;-;-;-;-;-;-;-;-;-;-;-;-;-;-;-;-;-;-;1
D04   Carcinoma in situ da pele;-;-;-;-;1;-;-;-;-;-;-;-;-;-;-;-;-;-;-;-;-;-;-;-;-;-;-;1
D09   Carcinoma in situ de outr localiz e das NE;-;-;-;-;-;-;-;1;-;-;-;-;-;-;-;-;-;-;-;-;-;-;-;-;-;-;-;1
D10   Neopl benig da boca e da faringe;-;-;-;-;-;-;-;-;-;-;-;-;-;-;-;-;-;-;-;-;-;-;-;-;1;-;-;1
D13   Neopl benig outr part e mal def ap digestivo;-;-;-;-;-;-;-;-;-;1;-;-;-;-;-;-;-;-;-;-;-;-;-;-;-;-;-;1
D14   Neopl benig ouvido medio e aparelho respirat;-;-;-;-;-;-;-;-;-;-;-;-;-;-;-;-;1;-;-;-;-;-;-;-;-;-;-;1
D15   Neopl benig outr orgaos intratoracicos e NE;-;-;-;-;-;-;-;1;-;-;-;-;-;-;-;-;-;-;-;-;-;-;-;-;-;-;-;1
D17   Neopl lipomatosa benig;-;-;-;-;-;-;-;-;-;-;-;-;-;-;-;-;-;-;1;-;-;-;-;-;-;-;-;1
D18   Hemangioma e linfangioma de qualquer localiz;1;-;1;-;-;-;-;-;1;-;-;1;-;-;-;-;-;-;2;2;1;-;1;-;1;-;-;11
D33   Neopl benig encef e out part sist nerv centr;-;-;-;-;-;-;-;1;-;3;-;-;-;-;-;1;1;-;-;1;-;-;-;-;-;-;-;7
D35   Neopl benig de outr gland endocrinas e NE;-;-;-;-;-;-;-;-;1;-;-;-;-;-;-;-;-;-;-;-;-;-;-;-;-;-;-;1
D38   Neopl comp inc/desc ouv med org resp intrat;-;-;-;-;-;-;-;-;-;1;-;-;-;-;-;-;-;-;-;2;-;-;1;-;-;-;-;4
D43   Neopl comp inc/desc encefalo sist nerv centr;-;-;-;-;-;-;-;1;-;-;-;1;-;2;-;2;5;1;2;8;1;-;1;-;-;-;-;24
D44   Neopl comp incerto/desconh gland endocrinas;-;-;-;-;-;-;-;-;-;-;2;-;3;1;-;1;-;2;1;4;-;1;-;-;-;1;-;16
D45   Policitemia vera;-;-;-;-;-;-;-;-;-;-;1;-;-;-;-;-;-;-;-;-;-;-;-;-;-;-;-;1
D46   Sindr mielodisplasicas;-;1;-;-;1;-;-;1;1;-;-;-;3;-;1;-;-;-;-;3;1;-;-;-;1;-;-;13
D47   Out neop comp inc/des tec linf hemat tec cor;-;-;-;-;1;-;-;-;-;-;-;-;1;-;-;-;-;-;1;4;-;-;2;-;1;-;-;10
D48   Neopl comp inc/desconh outr localiz e NE;-;-;2;-;1;-;-;-;-;-;-;-;2;-;-;1;-;-;-;3;-;-;-;-;-;-;-;9
D50   Anemia p/defic de ferro;-;1;1;-;1;-;-;1;-;-;-;1;-;1;-;-;-;-;-;-;-;1;-;-;-;-;-;7
D51   Anemia p/defic de vitamina B12;-;-;-;-;-;-;-;-;-;-;-;-;1;-;-;-;-;-;-;-;-;-;-;-;-;-;-;1
D53   Outr anemias nutricionais;-;1;1;-;1;-;-;-;-;-;-;1;1;-;-;-;-;-;1;-;-;-;-;-;-;-;-;6
D56   Talassemia;-;-;-;-;-;-;-;-;-;-;-;-;-;-;-;-;1;-;-;-;-;-;1;-;-;-;-;2
D57   Transt falciformes;1;1;1;1;6;-;3;9;7;5;2;3;11;4;4;24;10;5;10;13;-;1;1;2;5;5;1;135
D58   Outr anemias hemoliticas hereditarias;-;-;1;-;-;1;-;-;1;1;-;1;-;2;-;-;-;-;2;-;-;-;-;-;-;-;1;10
D59   Anemia hemolitica adquir;-;-;-;1;-;-;-;1;1;1;2;1;2;-;-;2;5;1;3;7;1;-;-;2;-;-;1;31
D60   Aplasia pura da serie vermelha adquir;-;-;-;-;1;-;-;-;-;-;-;-;-;-;-;-;-;-;-;-;-;-;-;-;-;-;-;1
D61   Outr anemias aplasticas;-;-;9;-;6;-;-;4;5;2;3;2;4;1;1;11;9;2;7;16;8;-;-;2;3;-;1;96
D62   Anemia aguda pos-hemorragica;-;-;-;-;1;-;-;1;-;-;-;-;-;-;-;2;-;-;-;-;-;-;-;-;-;-;-;4
D64   Outr anemias;-;-;-;1;9;-;-;4;5;3;3;-;1;5;1;9;6;1;2;2;-;-;2;1;2;1;-;58
D65   Coagulacao intravascular disseminada;2;-;-;-;11;1;1;4;1;-;-;2;1;-;1;4;4;1;6;13;1;1;-;-;3;1;1;59
D66   Defic hereditaria do fator VIII;-;-;-;-;1;-;-;-;-;-;-;-;-;-;-;1;1;1;-;-;-;-;-;-;1;-;-;5
D67   Defic hereditaria do fator IX;-;-;1;-;-;-;-;-;-;-;-;-;-;-;-;-;-;-;-;-;-;-;-;-;-;-;-;1
D68   Outr defeitos da coagulacao;-;-;3;-;5;1;-;4;1;3;-;-;4;1;-;3;2;-;2;4;2;1;2;1;3;3;1;46
D69   Purpura e outr afeccoes hemorragicas;1;-;3;-;4;-;-;1;2;2;1;1;13;-;-;4;3;-;2;8;4;1;1;-;1;1;1;54
D70   Agranulocitose;-;-;-;-;-;-;-;2;-;1;-;1;2;1;-;1;2;-;-;-;-;-;-;-;1;-;-;11
D71   Transt func neutrofilos polimorfonucleares;-;-;-;-;-;-;-;-;-;-;-;-;-;-;-;-;-;-;-;3;-;-;-;-;-;-;-;3
D72   Outr transt dos globulos brancos;1;-;-;-;1;-;-;-;-;-;1;-;-;-;-;2;-;-;-;-;-;-;1;-;-;-;-;6
D73   Doenc do baco;-;-;2;-;-;-;-;-;-;-;-;1;-;-;-;-;-;-;-;1;1;-;-;-;-;-;-;5
D74   Metemoglobinemia;-;-;-;-;-;-;-;-;-;-;-;-;-;-;-;-;-;-;-;1;-;-;-;-;-;-;-;1
D75   Outr doenc sangue e orgaos hematopoeticos;-;-;-;-;-;-;-;1;-;-;-;1;-;1;-;-;1;-;1;1;-;-;-;1;-;-;-;7
D76   Alg doenc q env tec linforr e sist reticuloh;-;-;-;-;-;-;1;2;-;-;-;-;1;1;-;5;2;-;1;13;2;1;2;1;-;1;2;35
D80   Imunodefic c/predom defeitos anticorpos;-;-;-;-;-;-;-;-;-;1;-;-;-;-;-;-;1;-;-;1;-;-;-;-;-;-;-;3
D81   Defic imunitarias combinadas;-;-;1;-;-;-;-;-;-;1;-;-;-;-;-;-;-;-;-;1;1;-;2;-;-;-;-;6
D82   Imunodeficiencia assoc c/outr defeitos major;-;-;-;-;-;-;1;-;1;-;2;-;-;-;1;-;-;-;1;-;3;-;-;-;-;-;-;9
D83   Imunodeficiencia comum variavel;-;-;-;-;-;-;-;-;-;-;-;-;-;1;-;-;-;-;-;-;-;-;-;-;-;-;-;1
D84   Outr imunodeficiencias;1;-;-;-;-;-;-;-;-;1;-;-;2;-;-;-;1;-;1;5;-;-;-;-;1;-;2;14
D86   Sarcoidose;-;-;-;-;-;-;-;-;-;-;-;-;-;-;-;1;-;-;-;-;-;-;-;-;-;-;-;1
E03   Outr hipotireoidismos;-;-;-;-;-;-;-;-;-;1;-;-;-;-;-;1;-;-;1;-;-;-;-;-;1;-;-;4
E05   Tireotoxicose;-;-;-;-;-;-;-;1;-;1;-;-;-;-;-;-;-;-;-;-;-;-;-;-;-;-;-;2
E07   Outr transt da tireoide;-;-;-;-;-;-;-;-;-;-;-;-;-;-;-;-;-;-;-;1;-;-;-;-;-;-;-;1
E10   Diabetes mellitus insulino-dependente;-;-;2;-;4;-;-;3;2;3;1;1;3;1;1;5;3;2;10;5;1;-;3;1;2;2;1;56
E11   Diabetes mellitus nao-insulino-dependemte;-;-;-;-;1;1;-;1;-;-;-;-;-;-;-;-;1;-;2;-;-;-;-;-;-;-;1;7
E12   Diabetes mellitus relac c/a desnutr;-;-;-;-;-;-;-;-;-;-;-;-;1;-;-;-;-;-;-;-;-;-;-;-;-;-;-;1
E13   Outr tipos espec de diabetes mellitus;-;-;-;1;-;-;-;-;-;-;-;-;1;-;-;-;-;-;-;-;-;-;-;-;-;-;-;2
E14   Diabetes mellitus NE;1;-;-;-;4;2;2;4;3;2;1;4;6;7;2;11;10;-;14;9;7;-;4;-;1;5;1;100
E16   Outr transt da secrecao pancreatica interna;-;-;1;1;-;-;-;-;1;-;-;-;-;-;-;1;2;-;2;-;-;-;-;-;-;1;-;9
E20   Hipoparatireoidismo;-;-;-;-;-;-;-;-;-;-;-;-;1;-;-;-;-;-;-;-;-;-;-;-;-;-;-;1
E21   Hiperparatireoid e out transt gland paratir;-;-;-;-;-;-;-;-;-;-;-;-;-;-;-;-;-;-;-;1;-;-;-;-;-;-;-;1
E23   Hipofuncao e outr transt da hipofise;-;-;-;-;1;-;-;-;-;-;-;-;-;-;-;2;1;-;1;4;-;-;-;-;-;-;-;9
E24   Sindr de Cushing;-;-;-;-;-;-;-;-;-;-;-;-;-;-;1;-;-;-;-;-;-;-;-;-;-;-;-;1
E25   Transt adrenogenitais;-;-;-;-;2;-;-;-;-;1;-;-;-;-;1;-;-;-;-;-;-;-;-;-;-;-;-;4
E26   Hiperaldosteronismo;-;-;-;-;-;-;-;-;-;-;-;-;-;-;1;-;-;-;-;-;-;-;-;-;-;-;-;1
E27   Outr transt da gland supra-renal;-;-;-;1;-;-;-;-;-;-;-;1;1;1;-;2;-;1;-;2;-;-;-;-;-;-;-;9
E28   Disfuncao ovariana;-;-;-;-;-;-;-;-;-;-;-;1;-;-;-;-;-;-;-;-;-;-;-;-;-;-;-;1
E32   Doenc do timo;-;-;-;-;-;-;-;1;-;1;-;-;-;-;-;-;-;-;-;-;-;-;-;-;-;-;-;2
E34   Outr transt endocrinos;-;-;1;-;-;-;-;-;-;-;-;-;-;-;-;-;-;-;-;1;-;1;-;-;-;-;-;3
E40   Kwashiorkor;-;-;-;1;-;-;-;-;-;-;-;-;1;-;-;-;-;-;-;1;-;-;-;-;-;-;-;3
E41   Marasmo nutricional;-;-;1;-;1;-;-;-;-;-;-;-;-;-;-;-;1;-;-;-;-;-;-;-;-;-;-;3
E42   Kwashiorkor marasmatico;-;-;-;-;1;-;-;-;-;-;-;-;-;-;-;-;-;-;-;-;-;-;-;-;-;-;-;1
E43   Desnutric proteico-calorica grave NE;2;5;15;6;19;2;2;19;3;3;-;2;12;1;2;16;6;3;8;3;3;1;1;3;-;4;-;141
E44   Desnutric proteico-calorica grau moder leve;-;2;1;-;2;-;-;1;-;-;1;1;-;-;-;2;-;-;1;2;-;-;-;-;1;-;-;14
E45   Atraso desenv dev desnutric proteico-caloric;-;-;-;-;1;-;-;-;-;1;-;-;-;-;-;-;-;-;-;-;-;-;-;-;-;-;-;2
E46   Desnutric proteico-calorica NE;-;1;15;1;8;-;-;11;5;6;1;4;12;7;2;12;5;1;7;9;3;3;1;4;3;7;-;128
E52   Defic de niacina;-;-;-;-;-;-;-;-;-;1;-;-;-;-;-;-;-;-;-;-;-;-;-;-;-;-;-;1
E55   Defic de vitamina D;-;-;-;-;-;-;-;-;-;-;-;-;-;1;-;-;-;-;-;-;-;-;-;-;-;-;-;1
E66   Obesidade;-;-;-;-;1;-;-;-;-;-;-;1;3;1;-;1;-;2;2;4;1;-;-;1;-;-;-;17
E70   Disturbios metabolism aminoacidos aromaticos;-;-;-;-;-;-;-;-;-;-;-;-;-;-;-;-;1;-;-;-;-;1;1;-;-;1;-;4
E71   Dist metab aminoacidos cad ramif e acid grax;-;1;1;-;1;-;-;-;-;-;-;-;-;-;-;-;-;-;-;4;2;-;1;-;-;-;1;11
E72   Outr disturbios metabolismo de aminoacidos;-;-;-;-;-;-;-;-;-;1;-;1;-;-;-;1;2;-;2;7;-;1;-;-;-;1;1;17
E73   Intolerancia a lactose;-;-;-;-;-;-;-;1;-;1;-;-;-;-;1;-;-;-;-;-;-;-;1;-;-;-;-;4
E74   Outr disturbios do metabolismo carboidratos;-;-;-;-;-;-;-;-;-;1;-;-;1;-;-;1;2;-;3;6;1;1;2;-;1;1;2;22
E75   Disturb metab esfingolip e outr depos lipid;-;-;1;-;-;-;-;-;-;4;-;-;2;2;-;5;5;-;3;8;5;1;2;3;-;2;2;45
E76   Disturbios metabolismo do glicosaminoglicano;1;-;-;-;-;-;-;-;1;2;-;-;1;-;1;2;4;-;1;3;1;-;-;1;2;-;-;20
E77   Disturbios do metabolismo de glicoproteinas;-;-;-;-;-;-;-;-;-;-;-;-;-;-;-;-;-;-;-;1;-;-;1;-;-;-;-;2
E78   Disturbios metab lipoproteinas e out lipidem;-;1;-;-;1;-;-;-;-;1;-;-;-;-;-;-;1;-;1;-;-;1;-;-;-;-;-;6
E80   Disturbios metab porfirina e bilirrubina;-;-;-;-;-;-;-;-;-;-;-;-;-;-;-;-;-;-;1;1;-;-;-;-;-;-;-;2
E83   Disturbios do metabolismo de minerais;-;-;1;-;-;-;-;-;-;2;-;-;-;1;-;1;1;-;-;1;-;1;-;-;-;-;-;8
E84   Fibrose cistica;-;-;3;-;1;-;-;1;1;5;1;2;4;1;-;4;6;1;2;12;7;5;5;2;1;2;4;70
E86   Deplecao de volume;-;-;3;1;4;1;1;6;3;1;1;1;3;1;-;7;5;-;7;2;2;-;-;1;1;-;1;52
E87   Outr transt equil hidroeletr e acido-basic;2;18;2;3;7;2;-;7;-;3;2;2;2;-;-;11;7;1;5;6;5;1;3;-;5;1;1;96
E88   Outr disturbios metabolicos;-;4;1;-;1;-;-;-;-;2;1;2;1;2;1;1;4;1;2;12;5;1;3;1;-;2;1;48
F05   Delirium nao induz alcool outr subst psicoat;-;-;-;-;-;-;-;-;-;-;-;-;-;-;-;-;1;-;-;-;-;-;-;-;-;-;-;1
F10   Transt mentais comport dev uso alcool;-;-;-;-;2;-;-;-;-;-;1;-;-;-;-;-;1;-;1;-;2;-;-;2;-;-;-;9
F12   Transt mentais comport dev uso canabinoides;-;-;-;-;-;-;-;-;-;-;-;-;-;-;-;-;1;-;-;-;-;-;-;-;-;-;-;1
F14   Transt mentais e comport dev uso da cocaina;-;-;-;-;-;-;-;-;-;-;-;-;-;-;-;-;8;-;-;1;-;-;-;1;-;1;-;11
F19   Transt ment comp mult drog out subst psicoat;-;-;1;-;-;-;-;1;-;-;-;-;-;-;-;1;3;-;7;6;4;-;1;-;-;1;-;25
F20   Esquizofrenia;-;-;-;-;-;-;-;-;-;-;-;1;-;-;-;-;-;-;1;-;1;-;-;-;-;1;-;4
F32   Episodios depressivos;-;-;-;-;-;-;-;-;1;1;-;1;-;-;-;-;-;-;-;-;-;-;-;-;-;-;-;3
F40   Transt fobico-ansiosos;-;1;-;-;-;-;-;-;-;-;-;-;-;-;-;-;-;-;-;-;-;-;-;-;-;-;-;1
F44   Transt dissociativos;-;-;-;-;-;-;-;1;-;-;-;-;-;-;-;-;-;-;-;1;-;-;-;-;-;-;-;2
F45   Transt somatoformes;-;-;-;-;1;-;-;-;-;-;-;-;-;-;-;-;-;-;-;-;-;-;-;-;-;-;-;1
F71   Retardo mental moderado;-;-;-;-;-;-;-;-;-;1;-;-;-;-;-;-;-;-;-;-;-;-;-;-;-;-;-;1
F72   Retardo mental grave;-;-;-;-;1;-;-;-;-;-;-;-;-;-;1;-;-;-;-;-;-;-;-;-;-;-;-;2
F73   Retardo mental profundo;-;-;-;-;-;-;-;-;-;-;-;-;-;-;-;-;-;-;-;-;-;1;-;-;-;-;-;1
F79   Retardo mental NE;-;-;-;-;-;-;-;1;-;-;-;-;1;-;-;3;1;-;1;-;-;-;-;-;-;-;-;7
F80   Transt especificos desenvolv fala linguagem;-;-;-;-;-;-;-;-;-;-;-;-;-;-;-;-;1;-;-;-;-;-;-;-;-;-;-;1
F83   Transt especificos misto do desenvolv;-;-;-;-;-;-;-;-;-;-;-;-;-;-;-;-;-;-;-;-;-;-;1;-;-;-;-;1
F84   Transt globais do desenvolv;-;-;-;-;-;-;-;-;-;-;-;-;-;-;-;-;1;-;3;1;1;4;1;-;-;-;-;11
F90   Transt hipercineticos;-;-;-;-;-;-;-;-;-;-;-;1;-;-;-;-;-;-;-;-;-;-;-;-;-;-;-;1
F99   Transt mental NE em outr parte;-;-;-;-;-;-;1;-;-;-;-;2;-;-;-;1;-;1;-;-;-;-;-;-;-;-;-;5
G00   Meningite bacter NCOP;1;4;3;1;12;-;-;4;-;10;1;2;9;3;-;16;13;1;12;50;16;3;8;3;-;3;3;178
G03   Meningite dev outr causas e a causas NE;2;1;6;-;5;1;-;2;2;1;1;1;3;2;-;9;8;-;11;11;3;-;3;-;2;3;2;79
G04   Encefalite mielite e encefalomielite;1;1;4;1;3;3;-;9;6;9;-;2;3;1;1;6;12;6;9;18;4;2;6;1;4;2;2;116
G06   Abscesso granuloma intracran intra-raquid;-;-;1;-;-;-;-;2;1;1;2;-;1;3;-;2;1;1;1;4;-;-;-;1;-;-;-;21
G08   Flebite tromboflebite intracran intra-raquid;-;-;-;-;-;-;-;-;-;-;-;-;-;-;-;-;1;1;-;-;-;-;-;-;-;-;-;2
G09   Sequelas doenc inflam sist nerv centr;1;-;-;-;-;-;-;-;-;-;-;-;2;-;1;-;1;-;-;5;3;-;1;1;-;1;-;16
G10   Doenc de Huntington;-;-;-;-;-;-;-;1;-;-;-;1;-;-;-;-;-;-;-;-;-;-;-;-;-;-;-;2
G11   Ataxia hereditaria;-;-;-;-;1;-;-;-;-;-;-;-;-;-;1;-;-;1;1;2;1;-;-;-;-;-;1;8
G12   Atrofia muscular espinal e sindr correlatas;-;3;2;-;2;-;-;-;5;4;-;-;3;-;-;5;8;2;10;8;5;4;2;1;-;-;4;68
G23   Outr doenc degenerativas dos ganglios base;-;-;-;-;-;-;-;-;-;-;-;-;-;-;-;-;1;-;-;1;-;-;-;-;-;-;-;2
G24   Distonia;-;-;-;-;-;-;-;-;-;-;-;-;-;1;-;1;1;-;-;-;-;-;-;-;-;-;-;3
G25   Outr doenc extrapiramidais transt movimentos;-;-;-;-;-;-;-;-;-;-;-;-;-;-;-;1;-;-;-;-;-;-;1;-;-;-;-;2
G31   Outr doenc degenerativas sist nervoso NCOP;-;-;2;-;-;-;-;-;1;2;-;1;-;-;-;-;1;1;-;1;-;-;1;-;-;-;-;10
G35   Esclerose mult;-;-;1;-;-;-;-;-;-;-;-;-;-;-;-;-;-;-;-;1;-;-;-;-;-;-;-;2
G36   Outr desmielinizacoes disseminadas agudas;-;-;-;-;-;-;-;-;-;1;-;-;-;-;-;-;-;-;-;-;-;-;-;-;-;-;-;1
G37   Outr doenc desmielinizantes sist nerv centr;-;-;-;-;-;-;-;1;-;-;-;-;-;-;-;1;-;-;1;1;1;-;3;1;-;1;-;10
G40   Epilepsia;4;5;8;3;13;2;1;10;4;15;7;6;15;4;4;26;26;6;15;50;19;5;31;5;14;8;4;310
G41   Estado de mal epileptico;1;1;1;-;-;-;-;10;2;1;2;-;2;-;1;4;8;1;2;12;4;-;5;-;1;6;-;64
G43   Enxaqueca;-;-;-;-;-;-;-;-;-;-;-;-;-;-;-;-;-;-;-;-;1;-;-;-;-;-;-;1
G45   Acid vasc cerebr isquemicos trans sindr corr;-;-;-;-;-;-;-;-;-;-;-;-;-;-;-;-;-;-;-;1;-;-;-;-;-;-;-;1
G47   Disturbios do sono;-;-;-;-;-;-;-;-;-;-;-;-;-;-;-;1;-;-;1;-;-;-;-;-;-;2;-;4
G52   Transt de outr nervos cranianos;-;-;-;-;1;-;-;-;-;-;-;-;-;-;-;-;-;-;-;-;-;-;-;-;-;-;-;1
G58   Outr mononeuropatias;-;-;-;-;1;-;-;-;-;-;-;1;-;1;-;-;-;-;3;1;-;-;-;-;-;-;-;7
G60   Neuropatia hereditaria e idiopatica;-;1;2;3;2;-;-;1;-;-;-;2;-;1;1;5;1;1;3;2;-;-;-;-;-;1;-;26
G61   Polineuropatia inflam;-;1;-;-;-;-;-;1;-;-;-;-;-;-;-;1;-;-;1;-;-;2;-;1;-;-;2;9
G62   Outr polineuropatias;3;2;11;-;6;1;1;1;5;-;-;5;2;-;4;10;3;3;15;13;2;-;-;-;6;3;-;96
G70   Miastenia gravis outr transt neuromusculares;-;-;2;-;-;-;-;-;-;-;-;-;1;2;-;2;-;-;-;2;-;-;-;-;-;-;-;9
G71   Transt prim dos musculos;2;1;3;1;4;-;2;3;1;7;-;-;4;1;1;7;14;6;9;23;6;5;7;2;1;5;3;118
G72   Outr miopatias;1;-;-;-;-;-;-;-;1;-;-;-;-;1;-;1;-;-;1;1;-;-;-;-;-;-;-;6
G80   Paralisia cerebral;6;1;19;2;15;1;7;43;19;36;9;14;41;20;11;48;109;13;23;113;75;15;41;18;11;17;13;740
G81   Hemiplegia;-;-;-;-;-;-;-;-;-;-;-;-;-;-;-;-;-;-;1;-;-;-;-;-;-;-;-;1
G82   Paraplegia e tetraplegia;-;-;-;-;-;-;-;-;-;-;-;-;-;-;-;-;-;-;-;-;-;-;1;-;-;1;-;2
G83   Outr sindr paraliticas;-;-;-;-;-;-;-;-;-;-;1;-;-;-;-;-;1;-;-;-;-;-;-;-;-;-;-;2
G90   Transt do sist nervoso autonomo;-;-;1;-;1;-;-;-;-;-;-;1;-;1;-;-;2;-;1;2;1;2;-;-;-;-;-;12
G91   Hidrocefalia;7;3;5;1;19;6;6;15;6;13;6;12;12;8;3;27;20;6;14;52;5;3;3;5;6;5;5;273
G93   Outr transt do encefalo;2;-;14;2;14;3;4;13;6;45;5;5;13;15;1;23;23;13;62;120;8;16;4;3;4;17;5;440
G95   Outr doenc da medula espinal;-;-;-;-;-;-;-;1;-;-;-;-;-;1;-;1;-;-;1;-;-;1;-;-;-;-;1;6
G96   Outr transt do sist nervoso central;-;-;-;-;-;-;-;1;-;-;-;-;-;-;-;1;1;-;1;2;2;-;-;-;-;1;-;9
G98   Outr transt do sist nervoso NCOP;-;-;-;1;-;-;-;-;-;1;-;1;-;-;-;-;1;-;4;4;-;-;-;-;-;-;-;12
H05   Transt da orbita;-;-;-;-;-;-;-;-;-;-;-;-;1;-;1;-;-;-;1;-;-;-;-;-;-;-;-;3
H35   Outr transt da retina;-;1;-;-;-;-;-;1;-;1;-;-;-;-;-;-;-;-;-;-;-;-;-;-;-;-;-;3
H65   Otite media nao-supurativa;-;-;-;-;-;-;-;-;-;1;-;-;1;-;-;-;-;-;-;-;-;-;-;-;-;-;-;2
H66   Otite media supurativa e as NE;-;-;-;-;-;-;-;1;1;1;-;1;1;-;-;-;4;1;6;2;-;1;-;-;1;-;-;20
H70   Mastoidite e afeccoes correlatas;-;-;-;-;1;-;-;1;-;1;-;1;1;-;-;-;1;-;1;-;-;-;-;-;-;-;-;7
H72   Perfuracao da membrana do timpano;-;-;-;-;-;-;-;-;-;-;-;-;1;-;-;-;-;-;-;-;-;-;-;-;-;-;-;1
I00   Febre reumatica s/mencao de compr do coracao;-;-;-;-;-;-;-;-;-;-;1;-;-;-;-;-;-;-;1;-;-;-;-;-;-;-;-;2
I01   Febre reumatica c/compr do coracao;-;-;-;-;1;-;-;-;-;-;-;-;-;-;-;3;-;1;-;1;-;-;-;-;-;-;-;6
I05   Doenc reumaticas da valva mitral;-;1;-;-;3;-;-;-;-;-;-;1;-;2;-;3;1;-;-;1;-;-;1;-;-;3;-;16
I06   Doenc reumaticas da valva aortica;-;-;-;-;-;-;1;-;-;-;-;-;-;1;-;-;-;-;-;-;-;-;-;-;-;-;-;2
I07   Doenc reumaticas da valva tricuspide;-;-;-;-;-;-;-;1;-;-;1;2;-;-;-;-;-;-;-;1;-;-;-;-;-;1;-;6
I08   Doenc de mult valvas;-;-;1;1;-;-;2;3;-;-;-;1;1;1;-;-;-;1;-;1;-;-;3;-;-;-;-;15
I09   Outr doenc reumaticas do coracao;-;-;1;-;-;-;-;-;-;-;-;1;-;-;4;3;2;-;2;1;-;1;-;-;-;1;-;16
I10   Hipertensao essencial;-;-;1;-;1;-;-;-;-;-;-;-;-;-;-;3;1;-;4;-;-;-;-;-;-;-;-;10
I11   Doenc cardiaca hipertensiva;1;-;-;-;3;-;-;-;1;-;1;1;-;-;-;2;-;-;3;-;1;-;1;1;1;-;-;16
I12   Doenc renal hipertensiva;-;-;-;-;-;-;-;-;-;-;-;1;-;-;-;-;-;1;-;2;-;-;-;-;1;1;-;6
I13   Doenc cardiaca e renal hipertensiva;-;-;-;1;-;-;1;-;-;-;-;-;-;-;-;-;-;-;-;4;-;-;-;-;-;-;-;6
I15   Hipertensao secund;-;-;-;-;-;-;-;-;-;-;-;-;-;-;-;-;1;-;-;-;-;-;-;-;-;-;-;1
I21   Infarto agudo do miocardio;-;-;-;-;1;-;-;7;3;5;1;3;4;-;3;1;1;-;11;36;-;1;3;1;1;1;-;83
I24   Outr doenc isquemicas agudas do coracao;-;-;-;-;-;-;-;-;-;-;-;-;1;-;-;-;-;-;-;-;-;-;-;1;-;-;-;2
I25   Doenc isquemica cronica do coracao;-;-;-;-;1;-;-;1;-;1;-;-;-;-;-;-;-;-;8;11;1;-;1;-;-;-;-;24
I26   Embolia pulmonar;-;-;-;-;3;-;-;1;-;3;-;2;1;-;-;4;2;-;4;15;5;3;-;1;-;4;1;49
I27   Outr form de doenc cardiaca pulmonar;-;-;2;-;4;1;-;11;-;5;1;1;3;2;1;2;6;-;9;22;3;-;2;1;-;3;1;80
I28   Outr doenc dos vasos pulmonares;-;-;-;-;-;-;-;-;-;-;-;-;-;-;-;-;-;-;-;-;-;-;-;1;-;-;-;1
I30   Pericardite aguda;-;-;-;-;-;-;1;-;-;-;-;-;-;-;-;-;-;-;-;-;1;-;-;-;-;-;-;2
I31   Outr doenc do pericardio;-;-;-;-;1;-;-;1;1;2;1;-;2;3;-;4;2;-;-;8;1;1;-;-;-;-;-;27
I33   Endocardite aguda e subaguda;-;-;4;1;3;-;-;1;1;-;-;-;-;-;-;3;2;2;7;8;2;1;-;-;1;2;-;38
I34   Transt nao-reumaticos da valva mitral;-;1;-;-;3;-;-;1;-;1;-;1;1;-;1;1;-;-;-;1;-;-;1;1;-;-;-;13
I35   Transt nao-reumaticos da valva aortica;-;-;-;-;1;-;-;-;-;1;-;1;-;-;2;-;1;2;-;4;-;-;-;-;-;2;-;14
I36   Transt nao-reumaticos da valva tricuspide;-;-;-;-;-;-;-;-;-;-;1;-;1;-;-;-;-;-;-;-;-;-;1;-;-;-;-;3
I37   Transt da valva pulmonar;-;-;-;-;1;-;-;-;-;-;-;-;-;-;-;2;-;-;-;1;-;-;-;-;-;-;-;4
I38   Endocardite de valva NE;-;1;2;-;-;-;3;-;-;2;-;1;1;-;-;-;-;-;5;3;1;-;-;-;-;1;1;21
I40   Miocardite aguda;1;-;-;-;-;-;-;-;-;1;-;-;-;-;-;2;4;3;2;11;1;-;5;-;2;1;-;33
I42   Cardiomiopatias;-;3;5;5;14;4;2;16;4;16;6;10;18;9;2;13;21;6;26;89;6;9;7;4;4;12;1;312
I44   Bloqueio atrioventricular e do ramo esquerdo;-;-;-;-;-;-;-;-;-;-;-;-;-;-;-;-;2;1;-;-;-;-;1;-;-;-;-;4
I46   Parada cardiaca;-;-;1;-;2;-;-;1;1;-;-;-;-;-;-;1;-;-;1;-;4;-;-;1;1;1;-;14
I47   Taquicardia paroxistica;-;-;-;-;-;-;-;-;2;-;-;-;-;-;-;1;2;-;-;1;1;-;-;1;-;1;-;9
I48   Flutter e fibrilacao atrial;1;-;-;-;-;-;-;-;-;-;-;-;-;-;-;1;-;-;1;-;-;-;-;-;-;-;-;3
I49   Outr arritmias cardiacas;-;-;1;-;1;-;-;3;4;2;1;-;-;-;1;2;5;1;4;7;3;3;-;1;1;3;1;44
I50   Insuf cardiaca;2;-;1;1;5;-;-;8;2;5;2;2;6;5;1;13;8;1;6;6;2;3;2;1;2;3;-;87
I51   Complic cardiopatias doenc cardiacas mal def;2;-;1;-;5;2;1;8;1;5;-;1;4;1;-;11;6;1;9;16;6;-;3;1;1;2;-;87
I60   Hemorragia subaracnoide;-;-;1;-;1;1;-;3;1;2;2;3;3;-;1;6;8;1;10;17;5;1;3;1;3;3;2;78
I61   Hemorragia intracerebral;4;1;6;3;4;-;-;7;1;12;4;1;5;1;2;6;15;2;5;24;4;3;4;2;2;3;-;121
I62   Outr hemorragias intracranianas nao-traum;3;-;1;-;1;-;-;2;-;-;-;-;-;-;1;3;-;-;3;5;1;2;1;1;-;-;-;24
I63   Infarto cerebral;-;-;-;-;-;-;-;2;-;-;-;-;-;1;-;2;1;1;1;9;3;3;1;-;-;-;-;24
I64   Acid vasc cerebr NE como hemorrag isquemico;1;-;1;-;-;1;-;4;2;2;-;-;-;-;-;4;2;-;1;1;1;-;-;1;-;-;1;22
I67   Outr doenc cerebrovasculares;-;1;-;-;4;1;-;5;2;2;-;4;4;1;-;5;-;2;3;8;-;1;1;-;-;1;-;45
I69   Sequelas de doenc cerebrovasculares;-;-;1;-;-;-;-;2;1;-;1;1;-;1;-;1;3;-;-;4;1;1;1;-;-;1;-;19
I71   Aneurisma e disseccao da aorta;-;-;-;-;-;-;-;-;-;-;-;2;-;-;-;-;-;1;-;2;-;-;-;-;-;-;-;5
I72   Outr aneurismas;-;-;-;-;-;-;-;2;-;-;-;-;-;-;-;-;1;-;-;-;-;-;-;-;-;-;-;3
I73   Outr doenc vasculares perifericas;-;-;-;-;-;-;-;1;-;-;-;1;-;-;-;1;-;-;1;-;-;-;-;-;-;-;-;4
I74   Embolia e trombose arteriais;-;-;-;-;1;-;-;1;-;1;-;-;-;1;-;-;-;-;2;1;-;1;-;-;-;-;-;8
I77   Outr afeccoes das arterias e arteriolas;-;-;-;-;-;-;-;-;-;-;-;1;-;-;-;-;-;-;2;4;-;-;-;-;-;-;-;7
I78   Doenc dos capilares;-;-;-;-;-;-;-;-;-;1;-;-;-;-;-;-;-;-;-;-;-;-;-;-;-;-;-;1
I80   Flebite e tromboflebite;-;-;1;-;1;-;-;-;-;1;-;-;1;-;1;-;1;1;1;1;1;-;1;1;-;-;-;12
I81   Trombose da veia porta;-;-;1;-;1;-;-;-;1;-;-;-;-;-;-;-;-;-;-;-;1;-;-;-;-;-;-;4
I82   Outr embolia e trombose venosas;-;-;-;-;-;-;-;1;-;-;-;1;2;-;-;-;2;-;1;4;-;-;-;1;-;1;-;13
I85   Varizes esofagianas;-;-;-;-;-;-;1;-;-;-;-;1;-;-;-;1;-;-;-;2;-;-;-;-;-;-;-;5
I87   Outr transt das veias;-;-;-;-;-;-;-;-;-;-;-;-;-;-;-;-;-;-;-;1;-;-;-;-;1;-;-;2
I88   Linfadenite inespecifica;-;-;-;-;-;1;-;-;-;-;-;-;-;-;-;-;-;-;1;-;-;-;-;-;-;-;-;2
I89   Outr transt nao-infecc vasos linf gangl linf;-;-;-;-;-;-;-;-;-;-;-;-;-;-;-;-;1;-;1;1;-;1;-;-;-;-;-;4
I95   Hipotensao;-;-;-;-;2;-;-;-;-;-;-;-;-;-;-;-;-;-;-;-;-;-;-;-;-;-;-;2
I99   Outr transt do aparelho circulatorio e os NE;-;-;-;-;-;-;-;-;-;-;-;-;-;-;-;-;-;1;-;-;-;-;-;-;-;-;-;1
J01   Sinusite aguda;-;-;-;-;-;-;-;-;-;-;-;-;-;-;-;-;1;-;-;-;-;-;-;1;-;-;-;2
J02   Faringite aguda;-;-;-;-;1;-;-;-;-;1;-;-;1;-;-;-;-;-;-;1;1;-;-;-;-;-;-;5
J03   Amigdalite aguda;-;-;-;-;2;-;-;1;-;1;-;-;-;-;-;-;1;-;-;1;1;1;1;1;-;1;-;11
J04   Laringite e traqueite agudas;-;-;1;-;1;1;-;-;-;-;-;-;1;-;2;1;2;1;3;8;-;-;-;-;1;1;1;24
J05   Laringite obstrutiva aguda e epiglotite;-;-;1;-;-;-;-;-;-;-;-;-;-;-;-;1;-;-;-;1;-;-;-;-;-;-;-;3
J06   Infecc agudas vias aereas super loc mult NE;-;1;-;-;-;-;-;1;2;-;-;-;-;-;1;4;-;-;1;1;2;2;-;1;-;1;-;17
J09   Influenza A (H1N1);-;-;-;-;1;-;-;-;5;-;1;-;-;1;-;1;-;2;-;11;3;1;1;2;1;4;2;36
J10   Influenza dev outro virus influenza ident;-;-;1;1;-;-;-;1;-;2;-;-;3;-;4;1;-;-;-;13;5;1;5;-;-;3;-;40
J11   Influenza dev virus nao identificado;2;2;1;3;6;-;1;2;3;9;-;1;1;2;2;4;3;2;4;20;2;1;2;3;2;-;-;78
J12   Pneumonia viral NCOP;-;-;4;8;2;2;-;1;-;-;-;-;1;-;1;1;1;-;6;7;4;2;3;3;1;4;-;51
J13   Pneumonia dev Streptococcus pneumoniae;-;-;-;-;-;-;-;-;-;-;-;-;1;1;-;-;-;1;2;2;1;-;-;-;-;-;-;8
J14   Pneumonia dev Haemophilus infuenzae;-;-;-;-;-;-;-;-;-;-;-;-;-;-;1;-;-;-;-;-;-;-;-;-;-;-;-;1
J15   Pneumonia bacter NCOP;3;12;34;5;52;-;9;36;6;24;6;13;8;3;5;29;26;3;24;41;15;12;11;5;8;11;4;405
J16   Pneumonia dev out microorg infecc espec NCOP;-;-;-;-;15;-;-;-;-;-;-;-;-;-;-;1;-;-;-;-;-;-;-;-;-;1;-;17
J18   Pneumonia p/microorg NE;15;20;80;6;124;28;14;77;41;97;20;39;82;50;21;117;94;27;169;281;45;26;28;20;40;34;20;1615
J20   Bronquite aguda;-;1;4;-;-;1;-;1;-;-;1;-;-;1;-;-;2;2;3;5;3;-;3;-;-;1;-;28
J21   Bronquiolite aguda;2;1;18;-;2;1;-;4;3;1;1;6;6;2;5;8;16;4;78;55;8;1;21;2;-;4;3;252
J22   Infecc agudas NE das vias aereas infer;-;-;-;-;-;-;-;1;-;2;-;2;2;-;-;4;1;-;-;2;2;-;-;-;-;-;-;16
J32   Sinusite cronica;-;-;-;-;-;-;-;-;-;-;1;-;-;1;-;-;1;-;1;-;2;-;-;-;-;-;-;6
J35   Doenc cronicas das amigdalas e das adenoides;-;-;-;-;-;-;-;-;-;-;-;-;-;-;-;-;1;-;-;-;-;-;-;-;-;-;1;2
J36   Abscesso periamigdaliano;-;-;-;-;1;-;-;-;-;-;-;1;-;-;-;-;-;-;1;-;-;1;-;-;-;-;-;4
J37   Laringite e laringotraqueite cronicas;-;-;-;-;-;-;-;-;-;-;-;-;-;-;-;-;-;-;-;1;-;-;-;-;-;-;-;1
J38   Doenc das cordas vocais e da laringe NCOP;-;-;1;-;1;-;-;-;-;-;-;-;1;-;-;-;3;-;-;4;-;-;1;-;-;-;-;11
J39   Outr doenc das vias aereas super;-;-;-;-;1;-;-;2;-;-;2;-;-;1;-;-;1;1;3;4;2;2;-;-;-;-;-;19
J40   Bronquite NE como aguda ou cronica;-;-;-;-;-;-;-;-;-;-;-;-;-;1;-;-;1;-;1;-;-;-;-;-;-;-;-;3
J42   Bronquite cronica NE;-;-;-;-;-;-;-;-;-;-;-;-;1;-;1;-;-;-;-;4;2;1;1;1;-;1;-;12
J43   Enfisema;-;-;-;-;-;-;-;1;1;-;1;-;-;-;1;-;-;-;1;-;-;-;-;-;1;-;-;6
J44   Outr doenc pulmonares obstrutivas cronicas;-;-;1;-;2;-;1;-;1;2;-;-;3;1;-;-;2;-;3;6;2;-;2;-;2;-;-;28
J45   Asma;3;-;4;-;7;-;-;8;1;2;2;2;7;2;-;3;3;4;7;21;3;4;9;4;-;3;4;103
J46   Estado de mal asmatico;1;-;1;-;2;-;-;-;-;1;2;-;1;-;-;2;2;1;-;2;2;-;2;-;-;-;-;19
J47   Bronquectasia;-;-;-;-;-;-;-;-;-;-;-;-;-;-;-;-;1;-;1;-;-;-;-;-;-;-;-;2
J62   Pneumoconiose dev poeira que cont silica;-;-;-;-;1;-;-;-;-;-;-;-;-;-;-;-;-;-;-;-;-;-;-;-;-;-;-;1
J67   Pneumonite hipersensibilid dev poeiras org;-;-;-;-;-;-;-;-;-;-;1;-;-;-;-;-;-;-;-;-;-;-;-;-;-;-;-;1
J68   Afecc resp dev inal prod quim gas fumac vap;-;-;-;-;-;-;-;-;-;-;-;-;-;-;-;-;-;-;1;1;-;-;-;-;-;2;-;4
J69   Pneumonite dev solidos e liquidos;1;1;11;-;11;-;1;11;4;4;4;1;10;3;-;15;23;2;7;35;7;7;4;2;8;9;-;181
J70   Afeccoes respirat dev outr agentes externos;-;-;-;-;2;-;-;-;-;-;1;-;2;-;-;-;-;-;-;1;1;-;-;-;1;-;-;8
J80   Sindr do desconforto respirat do adulto;-;-;1;-;4;-;-;2;1;4;-;1;2;-;-;6;2;3;2;11;1;-;-;-;2;2;1;45
J81   Edema pulmonar NE de outr form;1;-;-;-;4;1;1;4;-;9;1;4;5;3;-;6;7;3;7;58;7;4;1;2;-;2;1;131
J82   Eosinofilia pulmonar NCOP;-;-;-;-;-;-;-;-;-;-;-;-;-;-;-;-;-;1;1;-;-;-;1;-;-;-;-;3
J84   Outr doenc pulmonares intersticiais;-;-;-;-;5;-;2;-;-;1;1;2;-;2;-;1;5;-;2;19;1;-;-;1;1;4;-;47
J85   Abscesso do pulmao e do mediastino;-;-;1;-;-;-;1;-;1;-;-;-;-;-;1;-;1;2;2;1;1;-;-;-;-;-;-;11
J86   Piotorax;-;-;4;-;1;-;-;1;1;1;-;1;1;1;3;-;2;2;2;8;1;-;-;-;-;-;-;29
J90   Derrame pleural NCOP;-;-;1;1;3;-;-;1;-;1;1;2;-;-;-;2;1;-;4;8;-;2;-;-;-;3;2;32
J92   Placas pleurais;-;-;-;-;-;-;-;1;-;-;-;-;-;-;-;-;-;-;-;-;-;-;-;-;-;-;-;1
J93   Pneumotorax;-;-;-;-;5;-;-;3;-;1;-;-;1;-;-;-;6;-;-;6;-;-;-;-;1;2;-;25
J94   Outr afeccoes pleurais;1;-;-;1;-;-;-;-;-;1;-;-;-;-;-;3;1;-;-;4;-;-;1;-;-;-;-;12
J95   Afeccoes respirat pos-proced NCOP;-;-;-;-;-;-;-;-;-;-;-;-;-;-;-;-;1;-;-;-;-;-;-;-;-;-;-;1
J96   Insuf respirat NCOP;1;3;3;-;19;2;2;14;5;5;2;2;7;1;1;14;19;1;9;19;6;8;5;1;9;3;1;162
J98   Outr transt respirat;2;1;1;3;4;-;2;3;-;5;-;-;13;1;-;15;4;-;17;27;-;4;2;1;1;5;2;113
K12   Estomatite e lesoes correlatas;-;-;-;-;1;-;-;-;-;-;-;-;-;-;-;-;-;1;-;2;-;-;-;-;-;-;-;4
K21   Doenc de refluxo gastroesofagico;1;1;1;-;1;1;-;1;2;2;-;1;2;2;-;2;1;2;-;7;2;-;1;2;-;-;-;32
K22   Outr doenc do esofago;-;1;1;-;-;-;-;1;-;1;-;1;-;1;-;-;-;-;-;1;-;-;1;-;-;-;-;8
K25   Ulcera gastrica;-;-;-;-;-;-;-;1;-;-;-;-;-;-;-;1;1;-;-;4;-;-;-;-;1;1;-;9
K26   Ulcera duodenal;-;-;-;-;-;-;-;-;-;1;-;-;-;-;-;-;-;-;-;1;-;-;-;-;-;-;-;2
K27   Ulcera peptica de localiz NE;-;-;-;-;-;-;-;1;-;-;-;-;-;-;-;-;1;-;-;-;-;-;-;-;-;-;-;2
K28   Ulcera gastrojejunal;-;-;-;-;-;1;-;-;-;-;-;-;-;-;-;-;-;-;-;-;-;-;-;-;-;-;-;1
K29   Gastrite e duodenite;-;-;-;-;-;-;-;2;-;-;-;-;-;-;-;-;-;-;-;1;-;-;-;-;-;-;-;3
K30   Dispepsia;-;-;-;-;-;-;-;-;-;-;-;-;-;1;-;-;-;-;-;-;-;-;-;-;-;-;-;1
K31   Outr doenc do estomago e do duodeno;-;-;-;1;-;-;-;1;1;-;1;-;-;-;-;1;-;-;1;-;-;-;-;-;-;-;-;6
K35   Apendicite aguda;-;-;2;-;8;-;-;2;3;1;1;5;6;1;2;1;5;2;5;18;1;3;6;-;-;1;1;74
K37   Apendicite SOE;-;-;-;-;-;-;-;1;2;1;-;-;1;-;2;1;2;1;2;3;-;-;1;-;-;2;-;19
K38   Outr doenc do apendice;-;-;-;-;-;-;-;1;-;-;-;1;-;-;-;-;-;-;-;-;1;-;1;-;-;-;-;4
K40   Hernia inguinal;-;-;1;-;1;-;-;-;1;1;1;-;1;-;1;1;2;1;2;3;-;-;2;-;-;-;1;19
K42   Hernia umbilical;-;-;-;-;-;-;-;-;-;-;-;-;-;-;-;-;-;-;-;-;-;-;1;-;-;-;-;1
K44   Hernia diafragmatica;-;-;-;-;2;-;-;-;2;1;-;-;-;-;-;1;-;-;-;3;1;-;-;-;-;-;1;11
K45   Outr hernias abdominais;-;-;-;-;-;-;-;-;-;-;-;-;-;-;-;-;-;-;-;-;1;-;-;-;-;-;-;1
K46   Hernia abdominal NE;-;-;-;-;-;-;-;-;-;-;-;1;1;-;-;2;1;-;-;2;-;-;-;-;-;-;-;7
K50   Doenc de Crohn;-;-;-;-;-;-;-;-;2;2;-;-;1;-;-;2;1;-;2;2;-;-;-;2;-;-;-;14
K51   Colite ulcerativa;-;-;-;-;-;-;-;1;-;-;-;-;-;-;-;-;2;-;-;3;-;1;-;1;1;1;-;10
K52   Outr gastroenterites e colites nao-infecc;-;-;-;-;5;-;-;4;-;1;-;3;1;-;-;2;1;-;1;7;3;-;-;-;-;-;-;28
K55   Transt vasculares do intestino;-;-;9;-;1;-;-;1;-;1;1;-;-;1;-;1;2;2;2;13;-;1;2;2;2;-;-;41
K56   Ileo paralitico e obstr intestinal s/hernia;1;2;4;2;13;-;3;7;2;13;-;2;5;2;2;18;10;3;9;15;6;4;3;2;6;3;2;139
K57   Doenc diverticular do intestino;-;-;-;-;-;-;-;1;-;-;-;-;-;-;-;1;-;-;1;-;-;-;-;-;-;-;-;3
K59   Outr transt funcionais do intestino;-;-;-;-;3;-;-;-;-;1;1;2;3;-;-;4;-;-;1;3;1;-;1;1;1;-;-;22
K60   Fissura e fistula das regioes anal e retal;-;-;-;-;-;-;-;-;-;-;-;-;-;-;-;1;-;-;-;-;-;-;-;-;-;-;-;1
K61   Abscesso das regioes anal e retal;-;-;-;-;-;-;-;-;-;-;-;-;-;-;-;-;-;1;-;-;-;-;-;-;-;-;-;1
K62   Outr doenc do reto e do anus;-;-;-;-;-;-;-;-;-;1;-;1;-;-;-;-;-;-;-;1;-;-;-;-;-;-;-;3
K63   Outr doenc do intestino;-;-;1;-;-;-;-;1;-;1;2;-;3;-;1;2;1;1;4;13;2;2;2;2;-;-;-;38
K65   Peritonite;-;1;1;-;2;-;2;1;1;3;2;-;1;2;-;8;8;2;2;6;2;-;2;1;2;-;1;50
K66   Outr transt do peritonio;-;-;1;-;-;-;-;-;1;-;-;-;-;-;-;-;1;-;-;-;-;-;-;-;-;-;-;3
K70   Doenc alcoolica do figado;-;-;-;-;1;-;-;-;-;-;-;-;-;-;-;1;-;-;-;-;-;-;-;-;-;-;-;2
K71   Doenc hepatica toxica;-;-;1;-;-;-;-;-;-;1;-;-;2;-;-;-;2;-;-;1;1;-;1;-;-;-;-;9
K72   Insuf hepatica NCOP;1;2;1;1;5;1;-;3;1;2;4;-;7;-;-;8;6;-;3;22;3;7;5;1;2;1;2;88
K73   Hepatite cronica NCOP;-;-;-;-;-;-;-;-;1;-;-;-;-;-;-;-;-;-;-;-;-;-;1;-;-;-;-;2
K74   Fibrose e cirrose hepaticas;-;-;-;-;2;-;-;-;-;-;-;1;1;1;-;2;2;-;4;6;1;-;3;1;-;1;1;26
K75   Outr doenc inflam do figado;-;1;1;-;5;-;-;1;-;-;1;-;4;-;1;2;1;2;-;2;-;-;-;-;-;1;-;22
K76   Outr doenc do figado;-;1;1;2;6;1;-;5;1;2;-;3;3;1;1;2;3;1;2;9;1;1;1;-;-;-;1;48
K80   Colelitiase;-;-;-;-;-;-;-;1;-;-;-;1;2;1;-;-;1;-;1;2;-;-;1;-;-;-;1;11
K81   Colecistite;-;1;-;-;-;-;-;2;-;-;-;-;1;-;-;1;-;-;-;-;-;1;2;-;-;-;-;8
K82   Outr doenc da vesicula biliar;-;-;-;-;1;-;-;-;-;-;-;-;-;-;-;-;-;-;1;-;-;-;-;-;-;-;-;2
K83   Outr doenc das vias biliares;1;-;-;-;1;2;-;-;1;2;-;-;1;2;1;2;-;-;3;7;1;-;2;-;-;-;-;26
K85   Pancreatite aguda;1;-;-;-;3;-;-;1;1;3;2;1;1;-;1;-;2;-;-;4;1;-;1;-;1;1;-;24
K86   Outr doenc do pancreas;-;-;-;-;-;-;-;-;1;-;-;-;2;-;-;-;-;-;-;-;-;-;-;-;-;-;-;3
K90   Ma-absorcao intestinal;-;-;-;-;-;-;-;-;-;-;-;-;-;1;-;-;-;-;-;1;1;-;-;-;1;-;-;4
K92   Outr doenc do aparelho digestivo;1;1;2;-;1;-;2;3;2;2;-;2;4;1;1;9;3;-;5;12;4;3;-;1;-;1;-;60
L00   Sindr pele escaldada estafilococ recem-nasc;-;1;-;-;-;-;-;-;1;-;-;1;-;-;-;-;-;-;-;1;-;-;-;-;-;-;-;4
L01   Impetigo;-;-;-;-;2;-;-;-;-;-;1;-;-;-;-;-;-;2;1;-;-;-;-;-;-;-;-;6
L02   Abscesso cutaneo furunculo e antraz;-;-;-;-;1;-;-;1;-;-;-;1;2;1;2;-;2;2;2;2;-;-;-;-;-;1;-;17
L03   Celulite;-;-;1;-;1;-;-;1;-;1;-;1;-;-;-;1;1;1;1;-;1;-;-;-;-;2;1;13
L04   Linfadenite aguda;-;-;-;-;-;-;-;-;-;1;-;-;-;-;-;-;-;1;1;-;-;-;-;-;-;-;-;3
L08   Outr infecc localiz pele e tec subcutaneo;-;-;-;-;1;-;-;2;1;1;-;1;-;1;-;1;-;2;-;1;-;-;-;-;-;-;-;11
L10   Penfigo;-;-;1;1;-;-;-;-;-;-;-;-;-;-;-;-;-;-;-;-;-;-;-;-;-;-;-;2
L13   Outr afeccoes bolhosas;-;-;-;-;-;-;-;-;-;-;-;-;-;-;-;1;-;-;-;-;-;-;-;-;-;-;-;1
L23   Dermatites alergicas de contato;-;-;-;-;-;-;-;-;-;-;-;-;-;-;-;-;-;-;1;-;-;-;-;-;-;-;-;1
L27   Dermatite dev subst de uso interno;-;-;-;-;-;-;-;-;-;-;-;1;-;-;-;-;-;-;-;-;-;-;-;-;-;-;-;1
L51   Eritema polimorfo;1;-;-;-;1;-;-;-;-;-;-;-;-;-;1;-;2;-;1;1;-;-;-;-;-;-;-;7
L88   Piodermite gangrenosa;-;-;-;-;-;-;-;-;-;-;-;-;-;-;-;1;1;-;-;-;-;-;-;-;-;-;-;2
L89   Ulcera de decubito;-;-;-;-;1;-;-;-;1;-;-;-;-;-;-;1;-;-;-;1;-;1;1;-;-;-;-;6
L93   Lupus eritematoso;-;-;-;-;2;-;-;-;-;-;-;1;-;-;-;1;2;-;-;-;-;-;-;-;-;-;-;6
L97   Ulcera dos membros infer NCOP;-;-;-;-;-;-;-;-;-;-;-;-;1;-;-;-;1;-;-;-;-;-;-;-;-;-;-;2
L98   Outr afeccoes da pele e tec subcutaneo NCOP;-;-;-;-;-;-;-;-;-;-;-;-;-;1;-;-;-;-;-;-;-;1;-;-;-;-;-;2
M00   Artrite piogenica;-;-;1;1;-;2;1;-;-;1;-;-;-;3;-;1;2;2;-;1;1;1;-;-;1;-;-;18
M06   Outr artrites reumatoides;-;-;-;-;1;-;-;-;-;-;-;-;-;-;-;-;-;-;-;-;-;-;-;-;-;-;-;1
M08   Artrite juvenil;-;-;1;-;1;-;-;-;-;-;-;-;1;-;-;1;1;-;-;4;-;-;1;-;-;-;-;10
M13   Outr artrites;-;-;-;-;-;-;-;-;-;-;-;-;1;1;-;-;-;-;-;-;-;-;-;1;-;-;-;3
M30   Poliarterite nodosa e afeccoes correlatas;-;-;-;-;1;-;-;-;-;1;-;-;-;-;-;-;1;-;-;-;-;-;-;-;-;-;-;3
M31   Outr vasculopatias necrotizantes;-;-;-;-;1;-;-;-;-;1;-;-;1;-;-;3;2;-;1;5;-;-;1;-;-;2;-;17
M32   Lupus eritematoso disseminado;-;-;2;1;8;1;-;3;4;7;-;2;3;2;1;8;7;1;2;18;3;2;2;-;5;4;1;87
M33   Dermatopoliomiosite;-;-;1;-;-;-;-;-;-;-;-;-;-;-;-;-;2;-;-;2;-;-;-;-;-;-;-;5
M34   Esclerose sistemica;-;-;-;1;1;-;-;-;-;-;-;-;-;-;-;-;-;-;-;-;-;-;-;1;-;-;-;3
M35   Outr afeccoes sistemicas do tec conjuntivo;-;-;-;-;1;-;-;-;-;-;-;-;-;-;-;-;1;-;2;-;-;-;-;-;-;-;1;5
M43   Outr dorsopatias deformantes;-;-;-;-;-;-;-;-;-;-;-;-;-;-;-;-;1;-;-;-;-;-;-;-;-;-;-;1
M48   Outr espondilopatias;-;-;-;-;-;-;-;-;-;-;-;-;-;-;-;-;-;-;-;-;1;-;-;-;-;-;-;1
M50   Transt dos discos cervicais;-;-;-;-;-;-;-;-;-;-;-;-;-;-;-;-;-;-;-;-;-;-;-;-;-;1;-;1
M60   Miosite;-;-;-;-;-;-;-;-;-;-;-;-;-;-;-;-;1;-;-;-;-;-;-;-;-;-;-;1
M62   Outr transt musculares;1;-;-;-;2;-;-;1;1;-;-;-;3;1;1;3;4;-;6;3;-;2;-;-;-;-;-;28
M72   Transt fibroblasticos;-;-;-;-;-;-;-;1;-;-;-;-;-;-;-;-;1;-;-;-;-;-;-;-;-;-;-;2
M86   Osteomielite;-;-;-;-;1;-;-;-;-;-;-;-;2;-;-;-;-;-;-;-;-;-;-;-;-;-;-;3
M89   Outr transt osseos;-;-;-;-;-;-;-;-;-;1;-;-;-;-;-;-;-;-;-;-;-;-;-;-;-;-;-;1
M91   Osteocondrose juvenil do quadril e da pelve;-;-;-;-;-;-;-;-;-;-;-;-;-;-;-;-;-;-;1;-;-;-;-;-;-;-;-;1
M95   Outr deform adquir sist osteomusc tec conj;-;-;-;-;-;-;-;-;-;-;-;-;-;-;-;-;-;-;-;1;-;-;-;-;-;-;-;1
N00   Sindr nefritica aguda;-;-;-;-;1;-;-;-;1;1;-;-;-;1;-;-;-;-;-;1;-;-;-;-;-;-;-;5
N01   Sindr nefritica rapidamente progressiva;-;-;-;-;-;-;-;-;-;-;-;-;-;-;-;-;1;-;-;-;-;-;-;-;-;-;-;1
N03   Sindr nefritica cronica;-;-;-;-;-;-;-;1;-;-;-;-;-;-;1;1;1;-;2;4;1;-;-;-;-;1;1;13
N04   Sindr nefrotica;-;-;2;1;3;-;-;1;1;2;1;1;1;-;-;6;3;1;1;5;3;-;1;-;3;2;1;39
N05   Sindr nefritica NE;1;-;-;-;-;-;-;1;-;-;-;-;-;-;-;-;-;-;2;1;-;-;1;-;-;-;-;6
N10   Nefrite tubulo-intersticial aguda;-;-;1;-;-;-;-;-;-;1;-;-;-;-;-;-;1;-;2;-;-;-;1;-;-;-;-;6
N11   Nefrite tubulo-intersticial cronica;-;-;-;-;2;-;-;-;-;-;-;-;-;-;-;-;-;-;-;-;-;-;-;-;2;-;-;4
N12   Nefrite tubulo-intersticial NE aguda cronica;-;-;-;-;1;-;-;1;-;1;-;-;4;-;-;-;1;1;1;3;-;-;-;-;-;-;-;13
N13   Uropatia obstrutiva e p/refluxo;-;1;-;-;-;-;1;-;-;-;-;-;1;-;-;-;1;-;-;1;-;-;1;-;-;-;-;6
N15   Outr doenc renais tubulo-intersticiais;-;-;-;-;-;-;-;-;1;-;-;-;-;-;-;-;-;-;-;-;-;1;-;-;-;-;-;2
N17   Insuf renal aguda;6;6;3;2;10;1;2;7;5;9;1;2;2;1;-;7;7;2;3;14;5;1;1;2;1;1;-;101
N18   Insuf renal cronica;1;-;3;-;4;-;-;3;1;1;1;1;1;1;-;3;3;1;10;15;1;-;3;1;4;1;-;59
N19   Insuf renal NE;-;1;1;-;5;-;-;2;-;3;1;2;-;-;2;3;1;-;4;7;1;1;4;1;-;2;1;42
N20   Calculose do rim e do ureter;1;-;-;-;-;-;-;-;-;-;-;-;-;-;-;-;-;-;-;1;-;-;-;1;1;-;-;4
N25   Transt result funcao renal tubular alterada;-;-;-;-;-;-;-;-;-;-;-;-;-;-;-;-;-;-;-;-;1;-;-;-;-;-;-;1
N26   Rim contraido NE;-;-;-;-;-;-;-;-;-;-;-;-;-;-;-;-;-;-;-;1;1;-;-;-;-;-;-;2
N28   Outr transt do rim e do ureter NCOP;-;1;-;-;-;-;-;-;-;-;-;-;-;-;-;1;1;-;-;2;-;-;1;-;1;-;-;7
N30   Cistite;-;-;-;-;-;-;-;1;-;-;3;-;1;-;-;-;-;1;-;1;-;-;-;-;-;-;-;7
N31   Disfuncoes neuromusculares da bexiga NCOP;-;-;-;-;-;-;-;-;-;-;-;1;-;-;-;-;-;-;-;2;-;1;-;-;-;-;-;4
N32   Outr transt da bexiga;-;-;-;-;-;-;-;1;-;-;-;-;-;-;-;-;-;-;-;-;-;-;-;-;-;-;-;1
N36   Outr transt da uretra;-;-;-;-;-;-;-;-;-;-;-;-;-;-;-;-;-;-;-;-;1;-;-;-;-;-;-;1
N39   Outr transt do trato urinario;3;-;6;-;7;1;2;5;2;2;4;-;8;4;3;8;9;4;7;20;3;4;3;2;-;5;-;112
N48   Outr transt do penis;-;-;-;-;-;-;-;-;-;1;-;-;-;-;-;-;-;-;-;-;-;-;-;-;-;-;-;1
N49   Transt inflam orgaos genitais masc NCOP;-;1;-;-;-;-;-;-;1;-;-;-;-;-;-;-;-;-;-;1;-;1;-;-;-;1;-;5
N50   Outr transt dos orgaos genitais masc;-;-;-;-;-;-;-;-;-;1;-;-;-;-;-;-;-;-;-;-;-;-;-;-;-;-;-;1
N70   Salpingite e ooforite;-;-;-;-;-;-;-;-;-;-;-;-;-;-;-;-;-;-;-;-;-;-;-;-;-;1;-;1
N73   Outr doenc inflam pelvicas femin;-;-;-;-;-;-;-;-;-;-;-;-;-;-;-;-;-;-;1;1;1;-;-;-;-;-;-;3
N76   Outr afeccoes inflam da vagina e da vulva;-;-;-;-;-;1;-;-;-;1;-;-;-;-;1;-;-;-;-;1;-;-;-;-;-;-;-;4
N83   Transt nao-infl ovario tromp Falop lig largo;-;-;-;-;-;1;-;1;-;-;-;-;-;-;-;-;-;-;-;-;-;-;-;-;-;-;-;2
N92   Menstruacao excessiva frequente e irregular;-;-;-;-;-;-;-;-;-;-;-;-;-;-;-;-;-;-;-;-;1;-;-;-;-;-;-;1
O00   Gravidez ectopica;-;1;-;-;1;-;-;1;-;-;-;-;-;-;-;-;-;-;1;1;-;-;-;-;-;-;-;5
O01   Mola hidatiforme;-;-;-;-;-;-;-;-;-;-;-;-;-;-;-;-;-;-;-;-;-;1;-;-;-;-;-;1
O02   Outr produtos anormais da concepcao;-;-;-;-;-;-;-;-;-;-;-;-;-;-;-;-;-;-;1;-;-;1;-;-;-;-;-;2
O03   Aborto espontaneo;-;1;-;-;-;-;-;-;-;1;-;-;-;-;-;-;-;-;-;3;-;-;-;-;1;-;-;6
O04   Aborto p/razoes medicas e legais;-;-;-;1;-;-;-;-;-;-;-;-;-;-;-;-;-;-;-;-;-;-;-;-;-;-;-;1
O06   Aborto NE;-;-;2;-;-;-;-;-;1;-;-;-;-;-;-;1;-;-;-;-;-;1;-;-;-;-;-;5
O07   Falha de tentativa de aborto;-;-;-;-;-;-;-;-;-;-;-;-;-;-;-;-;-;-;-;-;-;-;-;-;-;1;-;1
O10   Hipertens pre-exist complic grav parto puerp;-;-;-;-;1;-;-;-;-;-;-;-;-;-;-;-;-;-;-;-;-;-;-;-;-;-;-;1
O13   Hipertensao gestacional s/proteinuria signif;-;-;-;-;1;-;-;1;-;-;-;-;-;-;-;1;-;-;-;-;-;-;-;-;-;-;-;3
O14   Hipertensao gestacional c/proteinuria signif;1;-;-;-;1;-;-;1;-;-;-;-;1;-;-;2;1;-;2;1;2;-;-;1;-;-;-;13
O15   Eclampsia;-;-;3;-;10;-;1;2;-;-;1;-;1;-;-;2;-;-;-;1;-;1;-;-;1;-;-;23
O20   Hemorragia do inicio da gravidez;-;-;-;-;1;-;-;-;-;-;-;-;-;-;-;-;-;-;-;-;-;-;-;-;-;-;-;1
O21   Vomitos excessivos na gravidez;-;-;-;-;-;-;-;-;-;-;-;-;-;-;1;-;-;-;-;-;-;-;-;-;-;-;-;1
O22   Complic venosas na gravidez;-;-;-;-;-;-;-;-;-;-;-;-;-;-;-;-;-;-;-;1;-;-;-;-;-;-;-;1
O23   Infecc do trato geniturinario na gravidez;-;-;-;-;-;-;-;-;3;-;-;-;-;-;-;-;1;1;2;3;-;1;-;-;-;1;-;12
O26   Assist materna outr complic lig predom grav;-;-;-;-;-;-;-;-;-;-;-;-;-;-;-;-;-;-;-;-;-;-;-;-;-;1;-;1
O41   Outr transt membranas e liquido amniotico;-;-;-;-;-;-;-;-;-;-;-;-;-;-;-;-;-;-;-;1;-;-;-;-;-;-;-;1
O42   Ruptura prematura de membranas;-;-;-;-;-;-;-;-;-;-;-;-;1;-;-;-;-;-;-;-;-;-;-;-;-;-;-;1
O45   Descolamento prematuro da placenta;-;-;1;-;-;-;-;-;-;-;-;-;-;-;-;-;1;-;-;-;-;-;-;1;-;-;-;3
O46   Hemorragia anteparto NCOP;-;-;-;-;-;-;-;-;-;-;-;-;-;-;-;-;-;-;-;-;-;-;1;-;-;-;-;1
O60   Trabalho de parto pre-termo;-;-;-;-;-;-;-;1;-;-;-;-;-;-;-;1;-;-;-;-;-;-;-;-;-;-;-;2
O62   Anormalidades da contracao uterina;-;-;-;-;1;-;-;-;1;-;-;-;1;-;-;-;-;-;-;-;-;-;-;-;1;-;-;4
O71   Outr traum obstetricos;-;-;-;-;-;-;-;-;-;1;-;-;-;-;-;-;-;-;-;-;-;-;-;-;-;-;-;1
O72   Hemorragia pos-parto;-;1;1;-;1;-;-;1;-;1;-;-;4;-;-;-;-;-;1;-;2;-;-;1;-;-;-;13
O74   Complic anestesia durante trab parto e parto;-;-;1;-;-;-;-;-;-;-;-;-;-;-;-;-;1;-;-;1;-;-;-;-;-;-;-;3
O75   Outr complic do trab parto e do parto NCOP;-;-;1;-;-;-;-;-;-;-;-;-;-;-;-;1;-;-;-;1;-;-;-;-;-;-;-;3
O85   Infecc puerperal;-;-;1;-;1;-;1;1;-;1;-;-;-;1;1;1;1;2;4;2;-;-;-;1;-;-;-;18
O86   Outr infecc puerperais;-;-;1;-;-;-;-;2;-;-;-;-;-;-;-;-;-;-;-;-;-;-;-;-;-;-;-;3
O87   Complic venosas no puerperio;-;-;-;-;-;-;-;-;-;1;-;1;-;-;-;-;-;-;-;1;-;-;-;-;-;-;-;3
O88   Embolia orig obstetrica;-;-;-;-;1;-;1;-;-;-;-;-;1;1;1;-;-;-;1;1;-;1;-;-;-;-;-;8
O89   Complic da anestesia admin durante puerperio;-;-;-;-;-;-;-;-;-;1;-;-;-;-;-;-;-;-;-;-;-;-;-;-;-;-;-;1
O90   Complic do puerperio NCOP;-;-;1;-;1;-;-;1;-;-;-;-;-;-;-;1;-;-;-;2;-;-;-;1;-;-;-;7
O95   Morte obstetrica de causa NE;-;-;-;-;1;-;-;-;-;-;-;-;1;-;-;1;-;-;2;2;-;-;-;-;1;-;-;8
O96   Morte qq caus obst mais 42d menos 1a parto;-;-;9;-;-;-;-;-;1;4;-;1;2;-;-;1;1;1;7;-;1;-;4;-;-;1;-;33
O97   Morte p/sequelas causas obstetricas diretas;-;-;-;-;-;-;-;-;1;-;-;-;1;-;-;-;-;-;-;-;-;-;-;-;-;-;-;2
O98   Doen inf paras mat COP compl grav part puerp;1;-;1;-;1;-;-;-;1;1;-;-;-;-;-;1;-;-;1;-;-;-;-;-;-;-;-;7
O99   Outr doenc mat COP compl grav parto puerp;1;-;2;-;6;-;-;2;2;6;1;1;5;2;-;3;1;-;6;5;1;3;-;1;-;2;-;50
P00   Fet rec-nasc afet afec mat n obr rel grav at;10;10;57;11;90;34;45;72;95;51;73;23;181;22;66;100;150;36;208;483;189;70;101;18;45;58;85;2383
P01   Fet rec-nasc afet complic maternas gravidez;4;2;44;2;41;22;16;23;52;44;14;19;106;16;47;86;131;25;120;375;150;36;93;14;37;31;54;1604
P02   Fet rec-nasc afet compl plac cord umb membr;13;10;35;7;57;14;12;74;51;37;27;26;72;14;44;65;107;27;110;295;105;41;90;14;26;66;54;1493
P03   Fet rec-nasc afet out compl trab parto parto;2;-;22;2;24;-;5;13;15;12;5;8;25;7;26;38;49;8;14;180;32;19;10;7;7;4;7;541
P04   Fet rec-nasc infl af noc trans plac leit mat;-;-;2;-;1;1;2;-;-;-;1;-;3;-;3;2;12;2;2;18;13;2;7;1;1;3;2;78
P05   Crescimento fetal retard e desnutric fetal;-;-;2;-;6;3;-;8;4;6;2;2;3;-;-;10;12;1;12;24;11;7;5;-;2;2;2;124
P07   Transt rel gest curt dur peso baix nasc NCOP;10;8;19;1;122;13;4;98;8;125;44;41;106;20;22;238;142;18;89;179;40;50;66;16;19;51;23;1572
P08   Transt relac gest prolong peso elevado nasc;-;-;-;-;-;-;-;1;-;-;-;-;-;-;-;-;-;-;-;-;-;-;-;-;-;-;-;1
P10   Laceracao intracran hemorrag dev traum parto;-;-;-;-;-;-;-;-;-;-;-;-;-;1;-;-;-;-;-;1;-;-;-;-;-;-;-;2
P11   Outr traum de parto do sist nervoso central;-;-;-;-;1;-;-;3;-;-;-;3;-;-;-;1;1;-;-;3;-;-;-;-;-;-;-;12
P13   Lesoes do esqueleto dev traum de parto;-;-;-;-;-;-;-;-;1;-;-;-;-;-;-;-;-;-;-;-;-;-;1;-;-;-;-;2
P15   Outr traum de parto;-;-;1;-;4;1;-;1;-;1;-;1;4;1;-;-;7;-;-;7;-;1;1;1;-;2;1;34
P20   Hipoxia intra-uterina;1;5;15;-;27;2;1;44;16;30;7;28;23;7;9;69;47;4;64;66;22;13;9;1;8;12;4;534
P21   Asfixia ao nascer;11;7;13;5;65;6;6;54;22;85;10;5;54;23;32;100;45;26;80;137;20;21;25;13;8;14;11;898
P22   Desconforto respirat do recem-nascido;23;21;153;26;154;9;16;107;47;94;35;66;75;92;22;215;226;58;198;324;78;32;103;27;35;69;24;2329
P23   Pneumonia congen;2;-;15;2;35;1;2;11;4;10;7;12;11;8;14;13;19;7;10;50;6;7;8;1;8;6;5;274
P24   Sindr de aspiracao neonatal;9;13;59;7;93;8;11;66;22;35;7;13;40;10;10;92;67;15;72;81;28;22;31;10;24;36;9;890
P25   Enfisema interst afecc corr orig per perinat;1;-;2;-;4;2;2;-;1;4;4;8;6;3;-;12;13;1;10;33;3;7;9;2;1;3;5;136
P26   Hemorragia pulmonar orig periodo perinatal;3;5;2;2;33;3;3;10;8;30;9;8;14;8;5;54;32;5;28;84;26;16;14;8;8;21;13;452
P27   Doenc respirat cron orig periodo perinatal;2;-;1;1;6;2;-;4;4;16;3;5;9;4;2;9;19;2;13;49;3;7;8;-;1;4;3;177
P28   Outr afeccoes respirat orig per perinatal;7;12;16;5;64;1;2;42;25;48;10;7;40;12;1;146;68;8;27;132;24;19;14;10;13;23;11;787
P29   Transt cardiovasc orig periodo perinatal;9;2;11;6;59;7;2;33;27;20;9;8;17;3;7;65;78;18;46;117;28;32;15;12;12;16;4;663
P35   Doenc virais congen;-;-;1;-;1;-;1;2;-;2;-;-;3;-;-;-;3;1;2;10;2;-;2;-;-;1;-;31
P36   Septicemia bacter do recem-nascido;49;29;58;11;208;31;18;138;54;155;45;78;116;89;48;194;236;52;246;531;74;61;86;29;62;75;43;2816
P37   Outr doenc infecc e parasit congen;-;-;1;-;2;1;-;3;1;3;2;-;1;1;2;-;4;1;2;27;2;1;3;2;1;3;1;64
P38   Onfalite recem-nasc c/ou s/hemorragia leve;-;-;2;-;4;-;-;3;1;2;1;1;-;-;1;2;-;-;2;1;1;1;1;1;1;1;-;26
P39   Outr infecc especificas do periodo perinatal;1;-;10;-;32;6;2;6;7;49;1;8;33;7;2;34;4;3;21;49;13;11;3;5;12;30;-;349
P50   Perda sanguinea fetal;-;-;-;-;1;-;-;1;-;1;-;-;1;-;-;1;2;-;1;6;-;-;-;2;-;-;-;16
P51   Hemorragia umbilical do recem-nascido;-;-;1;-;-;-;-;-;-;-;-;-;-;-;-;-;-;-;-;-;-;-;1;-;-;-;-;2
P52   Hemorragia intracran nao-traum feto rec-nasc;-;-;-;-;4;-;2;-;-;1;-;-;4;-;-;4;4;-;3;31;4;9;6;-;-;1;2;75
P53   Doenc hemorragica do feto e do recem-nascido;-;1;1;-;2;-;-;8;1;2;4;1;4;-;-;3;4;-;1;6;-;4;-;-;2;-;-;44
P54   Outr hemorragias neonatais;-;1;1;-;4;-;-;7;-;2;1;2;1;2;-;4;1;-;1;7;-;-;3;3;-;1;1;42
P55   Doenc hemolitica do feto e do recem-nascido;-;-;-;-;2;-;1;5;4;2;1;-;4;1;2;5;3;-;6;10;2;1;3;-;-;5;1;58
P56   Hidropsia fetal dev doenc hemolitica;-;-;1;2;-;-;-;3;-;2;-;-;1;-;-;-;3;1;-;3;-;2;2;-;-;1;1;22
P57   Kernicterus;-;-;2;1;6;-;-;2;2;1;-;2;1;1;-;3;1;-;1;2;-;1;-;-;1;-;-;27
P58   Ictericia neonatal dev outr hemolises excess;-;-;2;-;2;-;-;1;1;-;-;1;-;-;-;4;-;-;-;1;-;-;-;-;-;3;-;15
P59   Ictericia neonatal dev outr causas e as NE;-;1;1;-;6;1;-;6;3;2;-;-;1;-;-;4;4;1;-;2;-;-;-;-;1;1;-;34
P60   Coagulacao intravasc dissem feto rec-nasc;1;2;3;-;2;2;2;5;5;3;-;1;3;1;-;5;3;1;5;26;2;1;4;1;-;7;1;86
P61   Outr transt hematologicos perinatais;-;-;2;-;4;2;-;3;1;3;1;2;2;4;3;9;9;3;13;18;3;6;2;1;-;3;-;94
P70   Trans transit metab carboid esp fet rec-nasc;1;-;3;-;-;1;2;2;1;4;-;-;5;1;1;9;1;1;3;13;6;4;1;2;3;3;1;68
P72   Outr transt endocrinos transit period neonat;-;-;-;-;-;-;-;2;-;-;-;-;-;-;-;-;-;-;1;-;-;-;-;-;-;-;-;3
P74   Outr dist eletrolit metab transit per neonat;-;2;1;1;1;-;-;4;-;2;-;1;4;-;1;2;2;-;1;5;-;4;-;1;-;1;-;33
P76   Outr obstrucoes intestinais do recem-nascido;-;1;5;-;1;1;2;5;-;1;-;1;1;-;1;7;1;1;1;4;1;-;-;-;-;2;1;37
P77   Enterocolite necrotizante do feto e rec-nasc;1;3;20;5;21;1;8;40;5;21;10;10;29;12;20;40;72;20;50;185;26;22;26;4;11;24;8;694
P78   Outr transt ap digestivo periodo perinatal;1;-;3;2;6;-;-;2;2;4;5;2;13;-;2;13;13;2;2;22;2;4;2;7;-;2;5;116
P80   Hipotermia do recem-nascido;-;-;-;-;1;-;-;1;-;-;-;1;-;-;-;6;-;-;-;-;-;-;-;-;-;-;-;9
P81   Outr disturbios regulacao termica rec-nasc;-;-;2;-;-;-;-;-;-;-;-;-;-;1;1;-;-;-;-;-;-;-;-;-;-;-;-;4
P83   Outr afecc compr tegum espec feto rec-nasc;-;-;5;-;11;-;2;6;1;13;2;4;11;2;-;14;14;1;9;30;9;2;3;2;1;7;5;154
P90   Convulsoes do recem-nascido;-;1;2;1;-;-;-;-;1;1;1;-;3;-;-;6;2;-;-;6;1;-;4;-;-;-;-;29
P91   Outr disturbios funcao cerebral rec-nasc;-;1;-;-;1;-;3;6;1;1;1;-;4;1;1;3;3;1;1;11;2;3;1;-;-;-;-;45
P92   Problemas de alimentacao do recem-nascido;-;-;1;1;2;-;2;7;1;-;-;-;1;-;1;3;2;-;1;2;2;-;1;-;2;-;-;29
P93   Reacoes e intox dev drog admin feto rec-nasc;-;-;-;-;-;-;-;-;-;-;-;-;-;-;-;-;-;-;-;-;-;1;-;-;-;-;-;1
P94   Transt do tonus muscular do recem-nascido;-;-;-;-;-;-;-;1;-;-;-;-;3;1;-;1;-;-;-;1;-;1;-;-;-;-;-;8
P96   Outr afeccoes originadas periodo perinatal;5;7;37;2;31;4;4;26;15;39;15;14;22;5;11;103;109;4;52;139;14;4;15;15;14;14;7;727
Q00   Anencefalia e malformacoes similares;8;5;20;6;27;5;4;26;14;36;5;11;31;13;10;36;24;11;27;88;28;9;14;9;9;20;6;502
Q01   Encefalocele;1;1;2;-;8;-;1;3;1;3;1;3;3;4;-;4;8;-;7;14;7;1;4;-;-;3;2;81
Q02   Microcefalia;1;1;10;1;15;-;2;8;5;12;2;6;16;4;6;11;15;5;13;28;7;2;8;6;4;10;4;202
Q03   Hidrocefalia congen;6;-;23;3;14;2;6;16;6;7;4;4;20;6;10;15;20;8;12;43;22;9;11;8;11;14;3;303
Q04   Outr malformacoes congen do cerebro;2;6;13;2;26;5;5;16;3;16;9;9;29;7;5;23;36;10;24;55;20;6;15;8;8;19;13;390
Q05   Espinha bifida;-;1;4;-;7;-;-;5;4;6;2;1;10;6;1;12;13;1;7;21;10;1;9;-;1;3;4;129
Q06   Outr malformacoes congen da medula espinhal;-;-;-;-;1;-;-;1;-;3;-;-;1;-;-;1;-;-;1;1;-;1;-;-;1;-;1;12
Q07   Outr malformacoes congen do sist nervoso;-;-;1;5;7;-;1;-;1;1;4;-;6;1;1;10;11;3;8;16;6;5;3;2;-;1;1;94
Q18   Outr malformacoes congen da face e pescoco;-;-;-;-;-;-;-;-;-;-;-;-;-;-;1;-;-;-;-;1;-;-;-;-;-;-;-;2
Q20   Malform congen camaras e comunicacoes card;1;2;15;1;11;1;5;7;-;20;7;3;18;1;4;13;28;5;29;88;18;18;24;11;6;11;9;356
Q21   Malformacoes congen dos septos cardiacos;6;2;25;4;15;3;5;17;10;34;2;3;38;7;13;58;49;14;35;172;33;13;41;12;12;19;21;663
Q22   Malform congen valvas pulmonar tricuspide;2;-;7;1;11;1;2;2;-;5;2;1;8;1;1;11;12;3;10;64;6;4;21;4;3;2;2;186
Q23   Malformacoes congen valvas aortica e mitral;-;-;5;-;6;1;2;6;2;15;2;1;9;3;-;9;16;3;14;115;18;15;31;6;-;6;8;293
Q24   Outr malformacoes congen do coracao;28;19;46;19;74;14;15;75;40;84;26;38;127;50;25;128;189;30;133;277;96;41;70;28;32;97;33;1834
Q25   Malformacoes congen das grandes arterias;2;-;8;-;12;2;2;7;3;14;2;7;9;-;8;34;22;7;25;102;19;9;29;2;5;13;11;354
Q26   Malformacoes congen das grandes veias;-;-;2;-;2;-;-;2;1;1;-;1;-;-;-;3;2;1;-;4;1;-;2;-;-;2;3;27
Q27   Outr malformacoes congen sist vasc perif;1;1;-;-;-;-;-;-;-;4;1;-;2;-;-;2;5;-;5;3;1;-;-;1;-;1;1;28
Q28   Outr malform congen aparelho circulatorio;-;-;-;-;11;-;1;3;1;5;-;1;1;-;-;3;6;1;3;4;3;4;5;-;-;-;1;53
Q30   Malformacao congen do nariz;-;-;1;-;-;-;-;-;-;-;-;-;-;-;-;2;1;-;1;2;-;-;-;-;-;-;-;7
Q31   Malformacoes congen da laringe;-;-;-;-;-;-;-;1;1;-;-;2;3;-;-;2;2;-;1;7;2;1;3;-;-;2;-;27
Q32   Malformacoes congen traqueia e bronquios;4;-;1;-;2;-;1;-;1;5;-;2;2;-;2;2;-;2;4;7;-;1;1;-;-;-;1;38
Q33   Malformacoes congen do pulmao;5;1;4;1;17;5;3;14;4;27;11;5;22;9;12;34;40;14;42;169;23;14;18;12;14;21;11;552
Q34   Outr malformacoes congen aparelho respirat;-;-;1;2;-;-;-;1;1;1;1;-;1;-;-;1;2;-;1;1;2;2;3;-;-;-;-;20
Q35   Fenda palatina;-;-;-;-;1;-;-;-;1;-;1;-;1;-;-;-;-;-;1;1;-;1;-;2;-;1;-;10
Q36   Fenda labial;-;-;-;-;-;-;-;2;-;-;-;1;-;1;-;-;-;-;-;3;-;-;-;-;-;-;-;7
Q37   Fenda labial c/fenda palatina;-;-;2;-;-;-;-;-;-;-;-;-;1;-;-;-;1;-;2;1;-;2;-;1;-;-;-;10
Q38   Outr malform congen lingua boca e faringe;-;-;-;-;-;-;-;-;-;-;-;-;-;-;-;-;-;-;1;-;1;-;-;-;-;-;-;2
Q39   Malformacoes congen do esofago;1;-;10;1;9;4;2;2;4;7;4;2;16;5;3;12;9;3;11;21;5;5;5;7;3;3;2;156
Q40   Outr malform congen trato digestivo super;-;-;1;-;2;-;-;2;-;-;-;-;-;1;-;3;1;-;1;1;1;-;-;-;-;1;-;14
Q41   Ausencia atresia estenose congen intest delg;2;-;3;2;4;-;1;4;3;4;1;4;5;1;2;7;4;-;3;15;4;4;2;-;1;4;1;81
Q42   Ausencia atresia e estenose congen do colon;2;-;1;-;2;-;1;3;3;2;-;1;7;2;-;2;-;-;2;6;3;-;-;-;1;1;1;40
Q43   Outr malformacoes congen do intestino;1;1;2;1;11;2;2;1;3;7;1;2;14;2;4;14;6;3;10;7;2;4;1;1;3;1;2;108
Q44   Malform congen vesic biliar via biliar figad;-;-;2;-;3;-;-;3;2;1;1;2;7;1;-;4;2;-;3;35;3;-;3;2;2;-;2;78
Q45   Outr malformacoes congen aparelho digestivo;-;-;-;2;2;1;-;1;-;-;-;-;-;-;-;5;1;-;2;5;-;-;-;2;-;1;-;22
Q51   Malformacoes congen utero e do colo do utero;-;-;-;-;-;-;-;-;-;1;-;-;-;-;-;-;-;-;-;-;-;-;-;-;-;-;-;1
Q54   Hipospadias;-;-;-;-;-;-;-;-;-;-;-;-;-;-;-;-;-;-;-;2;-;-;-;-;-;-;-;2
Q55   Outr malformacoes congen org genitais masc;-;-;-;-;-;-;-;-;-;-;-;-;-;-;-;1;-;-;-;2;-;-;-;-;-;-;-;3
Q56   Sexo indeterminado e pseudo-hermafroditismo;-;-;-;-;5;-;-;-;-;-;-;1;1;-;-;1;-;-;-;-;-;-;1;-;-;-;-;9
Q60   Agenesia renal e outr defeitos reducao rim;2;1;-;-;2;1;-;-;-;5;6;2;7;2;3;9;23;1;6;32;10;4;13;3;3;10;6;151
Q61   Doenc cisticas do rim;1;-;1;-;1;-;2;-;-;3;4;1;4;1;2;7;13;1;8;22;4;5;9;-;4;4;2;99
Q62   Anom cong obstr pelv renal malf cong ureter;-;-;-;-;2;-;-;1;2;1;-;-;3;-;-;1;2;1;2;3;2;-;-;-;-;1;1;22
Q63   Outr malformacoes congen do rim;-;-;-;1;5;-;2;4;1;2;1;-;1;-;1;3;4;1;5;11;2;3;3;-;1;-;1;52
Q64   Outr malformacoes congen aparelho urinario;-;-;2;1;-;-;-;1;1;3;1;1;-;1;2;3;3;-;3;9;3;-;1;1;1;1;-;38
Q67   Deform osteom cong cabeca face coluna torax;-;-;-;-;-;-;-;-;-;-;-;-;-;1;-;-;1;-;-;2;-;-;-;1;-;-;-;5
Q68   Outr deform osteomusculares congen;-;-;-;-;-;-;-;-;-;-;-;-;-;-;-;-;-;-;-;1;-;-;-;-;-;-;1;2
Q74   Outr malformacoes congen dos membros;1;-;-;-;1;-;-;-;-;-;-;-;-;1;-;-;-;-;-;-;-;-;-;-;-;-;-;3
Q75   Outr malformacoes congen ossos cranio e face;-;1;-;-;5;2;2;-;-;-;-;-;3;-;-;-;4;1;-;6;1;1;2;2;-;1;-;31
Q76   Malform congen coluna vertebral ossos torax;-;-;1;-;2;-;-;1;-;-;-;-;2;-;1;1;1;-;-;2;1;-;1;-;1;1;-;15
Q77   Osteocondr c/anom cresc ossos long col vert;1;-;2;-;1;-;1;1;1;-;1;-;1;1;-;4;8;-;1;11;8;2;3;-;-;2;4;53
Q78   Outr osteocondrodisplasias;-;-;1;-;1;1;1;2;1;2;-;-;1;1;1;3;2;-;2;5;2;2;2;1;1;-;3;35
Q79   Malformacoes congen sist osteomuscular NCOP;8;3;39;6;34;5;11;15;9;18;7;11;38;4;10;47;52;13;38;108;25;15;29;10;17;17;16;605
Q80   Ictiose congen;-;-;-;-;-;-;-;-;-;-;-;-;-;-;-;1;-;-;-;-;-;-;-;-;-;-;-;1
Q81   Epidermolise bolhosa;-;-;-;-;-;-;-;-;-;1;-;-;-;-;-;2;1;1;-;-;1;-;-;-;-;-;-;6
Q82   Outr malformacoes congen da pele;-;-;-;-;-;-;-;-;-;-;-;-;-;-;-;1;-;-;-;-;1;-;-;-;-;-;-;2
Q85   Facomatoses NCOP;-;-;-;-;-;-;-;-;-;-;-;-;-;-;-;-;-;1;-;1;1;-;1;-;-;1;-;5
Q86   Sindr c/malf cong dev causas exog conh NCOP;-;-;-;-;-;-;1;-;1;1;-;-;-;-;-;-;1;-;-;-;-;-;-;-;-;-;-;4
Q87   Outr sindr c/malform cong q acomet mult sist;1;2;2;-;8;1;2;6;3;8;1;2;5;3;1;15;16;5;21;40;10;7;11;1;5;2;4;182
Q89   Outr malformacoes congen NCOP;9;4;16;6;42;8;5;32;33;34;15;15;49;23;7;44;82;15;69;137;52;16;19;8;11;15;14;780
Q90   Sindr de Down;3;3;6;-;5;1;-;5;7;16;5;3;16;6;2;19;18;6;25;47;17;4;15;3;9;6;2;249
Q91   Sindr de Edwards e sindr de Patau;-;4;1;1;6;-;2;6;6;23;4;7;24;1;5;26;65;14;39;122;39;22;37;6;7;17;15;499
Q92   Outr trissomias e trissom parc autoss NCOP;-;-;-;-;-;-;-;-;-;-;-;-;-;-;-;2;3;-;-;1;-;1;1;-;-;-;-;8
Q93   Monossomias e delecoes dos autossomos NCOP;-;-;-;-;1;-;-;-;1;-;-;-;-;-;1;1;1;-;4;7;1;3;2;1;3;-;1;27
Q96   Sindr de Turner;-;-;-;-;-;-;-;-;-;-;-;-;-;-;-;-;-;-;-;1;1;-;-;-;-;-;-;2
Q97   Outr anom cromoss sexuais fenotipo fem NCOP;-;-;-;-;-;-;1;-;-;-;-;-;-;-;-;-;-;-;-;-;-;-;-;-;-;-;-;1
Q98   Outr anom cromoss sexuais fenotipo masc NCOP;-;-;-;-;-;-;-;-;-;-;-;-;-;-;-;-;-;-;2;1;-;-;-;-;-;-;-;3
Q99   Outr anomalias dos cromossomos NCOP;-;-;-;-;1;-;1;1;1;9;1;1;4;-;1;13;12;-;16;30;12;2;4;1;2;2;2;116
R00   Anormalidades do batimento cardiaco;-;-;-;-;-;-;-;-;-;-;-;1;-;-;-;-;-;-;-;-;-;-;-;-;-;-;-;1
R01   Sopros e outr ruidos cardiacos;-;-;-;-;-;-;-;-;-;-;-;-;-;-;-;-;-;-;-;-;-;-;-;-;-;1;-;1
R02   Gangrena NCOP;-;-;-;-;-;-;-;-;-;-;-;-;1;-;-;-;-;-;-;-;-;-;-;-;-;-;-;1
R04   Hemorragia das vias respirat;-;-;1;-;1;-;-;1;-;-;-;-;1;-;-;-;-;-;-;1;-;-;-;-;-;-;-;5
R06   Anormalidades da respiracao;-;-;-;-;1;-;-;1;-;-;-;-;1;1;-;-;2;-;1;-;-;-;-;-;-;-;-;7
R09   Outr sint sinais relat ap circulat respirat;3;2;8;1;13;-;1;24;2;5;1;9;2;2;-;7;23;-;6;8;2;4;2;1;6;3;1;136
R10   Dor abdominal e pelvica;-;-;-;-;1;-;-;-;1;1;-;-;-;-;-;1;2;-;-;1;1;-;-;-;-;-;-;8
R11   Nausea e vomitos;-;-;-;-;-;-;-;1;1;-;-;-;-;-;-;-;-;-;-;-;-;1;1;-;-;-;-;4
R16   Hepatomegalia e esplenomegalia NCOP;-;-;-;-;-;-;-;-;-;-;-;-;-;-;-;-;-;-;-;-;-;-;-;-;1;-;-;1
R17   Ictericia NE;-;-;-;-;-;-;-;-;1;-;-;-;-;-;-;-;-;-;-;-;-;-;-;-;-;-;-;1
R22   Tumefac massa tumoracao loc pele tec subcut;-;-;-;-;-;-;-;1;-;-;-;-;-;-;-;-;-;-;-;-;-;-;-;-;-;-;-;1
R40   Sonolencia estupor e coma;-;-;1;1;-;1;-;-;-;-;-;-;-;-;-;-;-;-;-;-;-;-;-;-;-;-;1;4
R50   Febre origem desconhecida e outras origens;-;-;1;-;-;-;-;-;-;-;-;1;-;-;-;-;1;-;-;-;-;1;-;-;-;1;-;5
R51   Cefaleia;-;-;-;-;1;-;-;-;-;-;-;-;-;-;-;-;1;-;-;-;-;-;-;-;-;-;-;2
R53   Mal estar fadiga;-;-;-;-;-;-;-;-;-;-;-;-;-;-;-;-;-;-;-;-;-;1;-;-;-;-;-;1
R54   Senilidade;-;-;-;-;-;-;-;-;-;-;-;-;-;-;-;-;1;-;-;-;-;-;-;-;-;-;-;1
R56   Convulsoes NCOP;-;-;-;-;1;-;-;5;-;1;-;1;-;-;-;2;1;-;1;-;1;1;-;-;-;-;-;14
R57   Choque NCOP;-;2;1;-;9;-;-;8;2;2;1;1;2;2;1;7;6;-;4;3;3;-;2;-;1;-;1;58
R58   Hemorragia NCOP;-;-;-;-;-;-;-;1;1;-;-;-;-;-;-;-;-;-;-;-;1;-;-;-;-;-;-;3
R60   Edema NCOP;-;-;1;-;-;-;-;-;-;-;-;-;-;-;-;-;-;-;-;1;-;-;-;-;-;-;-;2
R62   Retardo do desenvolv fisiologico normal;-;-;-;-;-;-;-;-;-;-;-;-;-;-;-;-;1;-;-;-;-;-;-;-;-;-;-;1
R63   Sint sinais relat ingestao alimentos liquid;-;-;-;-;1;-;-;-;-;-;-;-;-;-;-;-;-;-;-;-;-;-;-;-;-;-;-;1
R68   Outr sint e sinais gerais;-;1;-;-;3;-;-;4;-;2;-;-;-;1;-;2;2;-;1;1;1;-;-;1;-;1;-;20
R71   Anormalidade das hemacias;-;-;-;-;1;-;-;-;-;-;-;-;-;-;-;-;-;-;-;-;-;-;-;-;-;-;-;1
R73   Aumento da glicemia;-;-;-;-;-;-;-;-;-;-;-;-;-;-;-;-;1;-;-;-;-;-;-;-;-;-;-;1
R79   Outr achados anormais exames quimicos sangue;-;-;1;-;-;-;-;-;-;-;-;-;-;-;-;-;-;-;-;-;-;-;-;-;-;-;-;1
R89   Achados anorms mat prov outr org ap sist tec;-;-;-;-;1;-;-;-;-;-;-;-;-;-;-;-;-;-;-;-;-;-;-;-;-;-;-;1
R94   Resultados anormais de estudos de funcao;-;-;-;-;-;-;-;-;-;-;1;-;-;-;-;-;-;-;-;-;-;-;-;-;-;-;-;1
R95   Sindr da morte subita na infancia;3;-;3;2;3;1;1;6;1;12;-;3;4;2;2;9;26;-;3;24;7;13;6;1;1;7;-;140
R96   Outr mortes subitas de causa desconhecida;2;-;2;-;3;2;-;4;-;-;-;1;-;-;-;2;6;1;-;2;1;4;3;-;4;1;-;38
R98   Morte s/assist;1;2;48;2;62;1;-;24;12;2;1;2;14;3;3;20;19;-;1;28;6;-;-;-;5;2;-;258
R99   Outr causas mal definidas e NE mortalidade;8;7;54;2;88;12;2;58;16;32;27;21;29;19;23;192;143;4;176;421;53;18;50;17;34;23;9;1538
V01   Pedestre traum colis veic a pedal;-;-;-;-;-;-;-;-;-;-;-;-;-;-;-;-;1;-;-;-;-;-;-;-;1;-;-;2
V02   Pedestre traum colis veic motor 2 3 rodas;-;3;-;-;2;-;1;4;1;4;-;1;3;1;-;-;1;-;2;6;5;-;1;1;-;1;-;37
V03   Pedestre traum colis automov pickup caminhon;-;1;2;-;2;-;5;3;3;3;2;-;3;2;4;3;9;1;11;14;9;7;7;4;3;4;4;106
V04   Pedestre traum colis veic transp pesado onib;2;1;2;-;3;-;2;3;-;-;-;-;1;1;-;1;5;-;5;14;9;2;5;2;2;2;1;63
V05   Pedestre traum colis trem veic ferroviario;-;-;-;-;-;-;-;2;-;-;-;-;2;-;-;-;3;-;14;4;-;-;-;1;-;-;-;26
V09   Pedestre traum outr acid transp e NE;2;-;6;1;13;3;1;9;2;7;4;-;11;5;-;17;21;7;27;59;16;3;12;4;2;10;1;243
V11   Ciclista traum colis outr veic a pedal;-;-;-;-;-;-;-;-;-;-;-;-;-;-;-;-;-;-;-;1;-;-;-;-;-;-;-;1
V12   Ciclista traum colis veic motor 2 3 rodas;-;-;-;-;1;-;-;2;-;-;-;-;2;-;-;-;1;-;-;5;-;-;-;-;-;1;-;12
V13   Ciclista traum colis automov pickup caminhon;1;-;-;-;-;-;1;-;1;3;-;-;-;-;1;1;4;-;1;8;7;-;2;3;1;3;-;37
V14   Ciclis traum colis veic transp pesado onibus;-;2;-;-;5;-;-;-;-;1;-;1;4;2;2;2;5;1;2;4;5;-;4;2;1;-;1;44
V15   Ciclista traum colis trem veic ferroviario;-;-;-;-;-;-;-;-;-;-;-;-;-;-;-;1;-;-;-;-;-;-;-;-;-;-;-;1
V16   Ciclista traum colis outr veic nao-motoriz;-;-;-;-;-;-;-;-;-;-;-;-;-;-;-;-;-;-;-;1;-;-;-;-;-;-;-;1
V17   Ciclista traum colis objeto fixo ou parado;-;1;-;-;-;-;-;1;-;1;-;-;-;-;-;-;6;-;1;1;1;-;-;-;-;2;-;14
V18   Ciclista traum acid transp s/colis;-;-;-;-;1;-;-;2;1;2;-;-;1;-;1;1;1;1;1;6;4;1;-;-;-;1;-;24
V19   Ciclista traum acid transp e NE;-;-;-;-;1;-;-;2;1;-;-;-;4;-;-;1;3;-;1;9;-;-;1;1;2;1;-;27
V20   Motociclista traum colis pedestre animal;-;-;1;-;6;-;-;8;3;5;2;1;5;-;-;1;1;1;-;-;-;-;1;1;-;3;1;40
V21   Motociclista traum colis veic pedal;-;-;-;-;2;-;-;1;-;-;-;-;-;-;-;-;2;-;-;1;-;-;-;-;1;-;-;7
V22   Motocicl traum colis veic motor 2 3 rodas;1;-;8;1;6;-;-;9;5;8;2;2;11;2;1;3;6;1;1;1;4;2;1;2;3;4;-;84
V23   Motocicl traum colis automov pickup caminhon;6;-;5;1;4;-;8;3;10;18;4;6;18;11;2;3;13;1;15;18;31;18;16;8;12;17;2;250
V24   Motocicl traum colis veic transp pesado onib;2;-;3;-;6;-;2;5;2;8;-;-;8;6;3;1;13;5;4;10;14;8;9;3;12;13;2;139
V26   Motocicl traum colis outr veic nao-motoriz;-;-;-;-;-;-;-;-;-;1;-;-;-;-;-;-;-;-;-;-;-;-;-;-;-;-;-;1
V27   Motocicl traum colis objeto fixo parado;6;1;4;-;3;-;6;6;10;11;4;2;6;4;5;3;9;6;9;19;9;5;3;4;5;11;1;152
V28   Motociclista traum acid transp s/colis;3;-;4;-;5;-;-;16;15;22;2;7;16;18;5;3;4;2;8;8;8;6;8;1;2;8;1;172
V29   Motociclista traum outr acid transp e NE;3;-;4;-;37;1;7;32;16;26;11;22;26;3;1;47;36;29;5;52;5;4;6;2;8;14;1;398
V39   Ocup tricicl mot traum outr acid transp e NE;1;-;-;-;1;-;-;-;-;-;-;-;-;-;-;-;-;-;-;1;-;-;-;-;-;-;-;3
V40   Ocup automovel traum colis pedestre animal;-;-;-;-;-;-;-;-;-;1;-;-;-;-;-;-;-;-;-;-;-;-;-;-;-;-;-;1
V42   Ocup autotraum colis outr veic mot 2 3 rodas;-;-;-;-;-;-;-;2;-;-;-;-;-;-;-;-;1;-;-;-;-;-;-;-;-;-;-;3
V43   Ocup automov traum col auto pickup caminhon;2;-;-;-;-;-;-;-;1;3;-;2;6;3;3;-;6;1;7;18;29;11;14;4;5;8;3;126
V44   Ocup autom traum colis veic trans pesad onib;1;-;-;-;1;-;-;2;2;-;-;1;3;1;1;2;8;2;5;10;37;16;8;2;5;9;-;116
V46   Ocup automov traum colis outr veic n-motor;-;-;-;-;-;-;-;-;-;-;-;-;-;-;-;-;1;-;-;-;1;-;-;-;-;-;-;2
V47   Ocup automovel traum colis obj fixo parado;-;-;1;-;-;-;-;-;1;1;-;-;1;-;-;1;13;-;2;16;17;4;15;2;5;1;-;80
V48   Ocup automovel traum acid transp s/colis;3;-;1;-;2;1;7;3;2;3;1;1;5;3;1;5;12;-;7;13;16;7;13;7;6;16;10;145
V49   Ocup automovel traum outr acid transp e NE;1;-;-;3;5;-;2;2;2;13;3;14;4;2;1;50;71;13;7;31;12;4;9;-;7;9;1;266
V52   Ocup caminhon traum colis veic mot 2 3 rodas;-;-;-;-;-;-;-;-;-;-;-;-;-;-;-;-;-;-;-;-;-;-;-;1;-;-;-;1
V53   Ocup caminhon traum colis automov caminhon;-;-;-;-;-;-;-;-;-;-;-;-;-;-;-;-;-;-;-;-;-;-;1;-;-;-;-;1
V54   Ocup caminhon traum col veic transp pes onib;-;-;-;-;-;-;-;1;-;-;-;-;1;-;-;-;-;-;-;-;1;-;-;1;-;-;-;4
V57   Ocup caminhonete traum colis obj fixo parado;-;-;-;-;-;-;-;-;1;-;-;-;-;-;-;-;1;-;-;2;-;3;-;-;-;-;-;7
V58   Ocup caminhonete traum acid transp s/colis;-;-;-;-;-;-;-;-;1;-;-;-;1;-;-;-;2;-;-;-;2;-;1;-;4;-;-;11
V59   Ocup caminhonete traum outr acid transp NE;-;-;-;-;-;-;-;-;-;1;1;-;1;-;-;-;1;-;-;-;-;-;-;-;-;-;1;5
V64   Ocup v tr pes tr col outr veic tr pes onib;1;-;-;-;-;-;-;-;-;-;-;-;-;-;-;-;-;-;-;1;-;1;-;-;1;-;-;4
V68   Ocup veic tr pesado traum ac transp s/colis;-;-;-;-;1;-;-;1;1;1;-;-;-;-;3;4;-;-;1;2;5;2;-;1;2;2;2;28
V69   Ocup veic tr pesado traum outr ac transp NE;-;-;-;-;-;-;-;-;-;-;-;1;1;-;-;-;1;-;-;-;-;-;-;-;1;-;-;4
V74   Ocup onibus traum colis veic transp pes onib;-;-;-;-;-;-;-;-;-;-;-;-;-;-;-;-;-;-;-;-;-;-;-;-;-;1;-;1
V77   Ocup onibus traum colis objeto fixo parado;-;-;-;-;-;-;-;-;-;-;-;-;-;-;-;-;-;-;-;-;-;1;-;-;-;-;-;1
V78   Ocup onibus traum acid transp s/colis;-;-;-;-;-;-;-;-;-;-;1;-;-;-;-;-;1;-;-;1;1;-;-;-;-;-;-;4
V79   Ocup onibus traum outr acid transp e NE;-;-;-;-;-;-;-;-;-;-;-;1;-;-;-;-;-;-;-;-;-;-;1;-;-;-;-;2
V80   Pess mont anim oc veic anim traum ac transp;-;-;-;-;1;-;2;1;4;3;-;2;6;2;1;3;3;-;2;4;2;-;2;-;2;2;-;42
V81   Ocup trem veic ferroviario traum acid transp;-;-;-;-;-;-;-;-;-;-;-;-;-;1;-;1;-;-;-;1;-;-;-;-;-;-;-;3
V83   Ocup veic esp mot area ind traum ac transp;-;-;-;-;-;-;1;-;-;-;-;-;-;-;-;-;-;-;-;-;-;-;-;-;-;-;-;1
V84   Ocup veic esp mot uso agric traum acid trans;-;-;-;-;-;-;-;-;-;-;-;-;-;-;-;-;2;-;-;-;2;2;2;1;-;2;1;12
V87   Acid trans tipo espec desconh mod transp vit;2;-;-;1;4;-;-;6;1;6;2;-;1;-;-;1;5;-;2;2;2;1;1;-;3;-;1;41
V88   Ac n-trans tipo espec desconh mod transp vit;-;-;-;-;1;-;-;-;-;-;-;-;-;-;-;-;-;-;-;-;-;-;-;-;-;-;-;1
V89   Acid veic mot n-mot tipos de veic NE;3;5;1;2;32;-;5;26;3;11;10;17;5;2;-;36;30;19;48;79;12;6;8;-;11;13;3;387
V90   Acid embarcacao caus afogamento submersao;-;-;7;-;1;-;-;-;-;-;-;-;-;-;-;-;-;-;-;-;1;-;-;-;-;-;-;9
V91   Acid embarcacao causando outr tipo de traum;-;1;2;-;-;-;-;-;-;-;-;-;-;-;-;-;-;-;-;-;-;-;-;-;-;-;-;3
V92   Afog submers rel transp agua s/acid embarc;-;-;7;-;-;-;-;-;-;-;-;-;-;-;-;-;-;-;-;1;-;-;-;-;-;-;-;8
V94   Outr acid transp p/agua e os NE;-;-;-;-;-;-;-;-;-;-;-;-;-;-;-;-;-;-;1;-;-;-;-;-;-;-;-;1
V95   Acid de aeronave mot causando traum ao ocup;-;-;-;-;1;-;-;-;-;-;-;-;-;-;-;-;4;-;-;1;-;-;-;-;-;1;-;7
V97   Outr acid espec de transporte aereo;-;-;-;-;1;-;-;-;-;-;-;-;-;-;-;-;-;-;-;-;-;-;-;-;-;-;-;1
V98   Outr acid transp espec;-;-;-;-;-;-;-;-;-;-;-;-;1;-;-;-;-;-;-;-;-;-;-;-;-;-;-;1
V99   Acid transp NE;-;-;-;-;13;-;3;4;2;33;2;-;2;-;-;14;10;-;1;1;-;-;-;-;4;-;-;89
W01   Queda mesmo nivel escorr tropec passo falso;-;-;-;1;4;-;-;1;1;-;-;-;-;1;-;-;1;-;1;-;-;1;-;-;1;1;-;13
W02   Queda env patins rodas gelo esqui pranch rod;-;-;-;-;-;-;-;-;-;-;1;-;-;-;-;-;-;-;-;-;-;-;-;-;-;-;-;1
W03   Outr qued mesmo niv colis empurrao outr pess;-;-;-;-;1;-;-;-;-;-;-;-;-;1;-;-;-;-;-;-;-;-;-;-;-;-;-;2
W04   Queda enquanto carreg apoiado p/outr pessoas;-;-;1;-;-;-;-;-;-;-;-;-;-;-;-;1;-;-;-;-;-;-;-;-;-;1;-;3
W05   Queda envolv uma cadeira de rodas;-;-;-;-;-;-;-;-;-;-;-;-;-;-;-;1;-;-;-;-;-;-;-;-;-;-;-;1
W06   Queda de um leito;-;-;2;-;-;-;1;1;-;2;-;-;-;-;-;2;3;1;1;1;1;-;-;-;1;-;-;16
W07   Queda de uma cadeira;-;-;-;-;-;-;-;-;-;-;-;1;-;-;-;-;-;-;-;1;-;-;-;-;-;-;-;2
W08   Queda de outr tipo de mobilia;-;-;-;-;1;-;-;-;-;-;-;-;-;-;-;-;-;-;-;-;1;1;-;1;-;-;-;4
W09   Queda envolv equipamento de playground;-;-;-;-;-;-;-;-;-;-;-;-;-;-;-;-;-;-;-;-;-;-;-;-;-;1;-;1
W10   Queda em ou de escadas ou degraus;-;-;-;-;-;-;-;-;-;1;-;1;-;-;-;-;1;2;1;4;1;-;-;-;-;1;1;13
W11   Queda em ou de escadas de mao;-;-;-;-;-;-;-;-;-;-;-;-;1;-;-;-;-;-;-;-;-;-;-;-;-;1;-;2
W12   Queda em ou de um andaime;-;-;-;-;1;-;-;-;-;-;-;-;-;-;1;-;-;-;-;-;-;-;-;-;-;1;-;3
W13   Queda de ou p/fora edificios outr estruturas;1;-;-;-;1;-;-;1;-;1;-;-;3;-;-;4;5;2;4;7;1;5;2;1;1;1;1;41
W14   Queda de arvore;-;-;2;-;5;-;-;1;1;-;1;-;-;-;2;-;-;-;1;-;-;1;-;-;1;-;-;15
W15   Queda de penhasco;-;-;-;-;-;-;-;-;-;-;-;1;-;-;-;-;-;-;-;-;-;-;1;-;-;-;-;2
W16   Merg pulo agua caus out traum n afog submers;-;1;-;-;-;-;-;1;-;-;-;-;2;-;-;-;-;-;1;-;-;-;-;-;-;-;-;5
W17   Outr quedas de um nivel a outr;-;-;-;-;1;-;1;-;1;-;-;2;-;-;-;-;5;2;8;7;1;-;-;-;-;1;1;30
W18   Outr quedas no mesmo nivel;-;-;2;-;1;-;-;-;-;6;-;2;-;1;-;-;3;2;4;4;1;1;-;1;-;1;-;29
W19   Queda s/especificacao;1;1;2;-;10;-;2;4;-;2;-;2;3;1;-;2;4;3;2;11;3;3;2;-;-;2;-;60
W20   Impacto caus objeto lanc projetado em queda;1;-;3;1;7;-;1;1;-;2;-;2;4;-;1;5;3;-;2;10;5;2;4;1;2;2;1;60
W21   Impacto acid ativo passivo caus equip esport;-;-;1;-;-;-;-;-;-;-;-;-;-;-;-;1;-;-;-;-;-;-;-;-;-;1;-;3
W22   Impacto acid ativo passivo caus outr objetos;-;-;-;-;-;-;-;-;-;1;-;-;-;-;-;1;3;-;-;1;1;-;-;-;-;1;-;8
W23   Apert colhid comprim esmag dentro objetos;-;-;-;-;1;-;-;-;-;-;-;-;-;-;-;-;1;-;-;-;-;-;-;-;-;-;-;2
W24   Contato elevadores instr de transm NCOP;-;-;-;-;-;-;-;-;-;-;-;-;-;-;-;-;1;-;-;-;-;-;-;-;-;-;-;1
W25   Contato c/vidro cortante;-;-;-;-;-;-;-;-;-;-;-;-;-;-;-;1;-;-;-;1;-;-;-;-;1;-;-;3
W26   Contato c/faca espada e punhal;-;-;-;-;-;-;-;-;-;-;-;-;-;-;-;-;-;-;-;1;-;-;-;-;-;-;-;1
W27   Contato c/ferramentas manuais s/motor;-;-;-;-;-;-;-;-;-;-;-;-;-;-;-;-;-;-;-;-;-;-;-;-;1;-;-;1
W28   Contato segadeira mot p/cortar aparar grama;-;-;-;-;1;-;-;-;-;-;-;-;-;-;-;-;-;-;-;-;-;-;-;-;-;-;-;1
W29   Contat out utens manuais ap domest equip mot;-;-;-;-;-;-;-;-;-;-;-;-;-;-;-;-;1;-;-;1;-;-;-;-;-;-;-;2
W30   Contato c/maquinaria agricola;-;-;-;-;-;-;-;-;-;-;-;-;-;-;-;-;-;-;-;-;1;-;-;-;1;-;-;2
W31   Contato c/outr maquinas e c/as NE;-;-;-;-;-;-;-;-;-;-;-;-;-;1;-;-;-;-;-;2;-;1;-;-;-;-;-;4
W32   Projetil de revolver;-;1;1;-;-;-;-;3;-;-;-;-;-;-;-;-;-;-;-;1;-;-;2;-;-;1;-;9
W33   Rifle espingarda armas fogo de maior tamanho;-;-;2;-;2;-;-;1;-;-;-;-;-;-;-;-;-;-;-;-;-;-;-;-;1;-;-;6
W34   Projeteis de outr armas de fogo e das NE;2;-;2;-;4;1;-;2;1;2;-;-;-;1;-;5;7;-;3;4;1;1;-;-;-;1;-;37
W36   Explosao ou ruptura de cilindro de gas;-;-;-;-;-;-;-;-;-;1;-;-;-;-;-;-;-;-;-;-;-;-;-;-;-;-;-;1
W39   Queima de fogos de artificio;-;-;-;-;-;-;-;-;-;-;-;-;-;-;-;-;-;-;-;-;-;-;1;-;-;-;-;1
W40   Explosao de outr materiais;-;-;-;-;-;-;-;-;-;-;-;-;-;-;-;-;1;-;-;-;-;-;-;-;-;1;-;2
W41   Exposicao a um jato de alta pressao;-;-;-;-;-;-;-;1;-;-;-;-;-;-;-;-;-;-;-;-;-;-;-;-;-;-;-;1
W44   Penetr corpo estranho olho orificio natural;-;-;-;-;-;-;-;-;-;-;-;-;1;-;-;-;-;-;-;-;-;-;-;-;-;-;-;1
W45   Penetracao corpo objeto estranho pele;1;-;2;-;-;-;-;-;-;-;-;-;-;-;-;-;-;-;-;1;-;-;2;-;-;-;-;6
W50   Golpe panc pontape mord escor infl outr pess;-;-;-;-;-;-;-;1;-;-;-;-;-;-;-;-;-;-;-;-;-;-;-;-;-;-;-;1
W51   Colis entre duas pessoas;-;-;-;-;-;-;-;-;-;-;-;-;-;-;-;1;-;-;-;-;-;-;-;-;-;-;-;1
W54   Mordedura ou golpe provocado p/cao;-;-;-;-;-;-;-;-;-;-;-;-;-;-;-;-;1;-;-;-;-;-;-;-;-;-;-;1
W55   Mordedura golpe provoc outr animais mamif;-;-;1;-;1;-;-;-;1;-;-;-;-;-;-;-;1;-;-;-;1;-;-;-;-;1;-;6
W57   Morded picadas inseto outr artrop n-venen;-;-;-;-;-;-;-;-;-;-;-;-;-;-;-;-;-;-;-;1;-;-;-;1;-;-;-;2
W64   Exposicao outr forcas mecan animadas e as NE;-;-;-;1;-;-;-;-;-;1;-;-;-;-;-;1;-;1;-;-;-;-;-;-;-;-;-;4
W65   Afogamento submersao durante banho banheira;-;-;2;-;1;-;-;2;-;1;-;-;-;-;-;-;-;-;-;-;-;-;-;-;1;-;1;8
W66   Afogamento submersao consec queda banheira;-;-;-;-;-;1;1;-;-;-;-;-;-;-;-;-;-;-;-;-;-;-;-;-;-;-;-;2
W67   Afogamento e submersao em piscina;-;-;1;1;-;-;-;4;3;3;3;-;3;-;1;3;9;-;4;19;7;2;5;1;3;7;3;82
W68   Afogamento submersao conseq queda piscina;-;-;2;-;-;-;-;-;1;2;1;1;3;-;-;1;-;-;1;3;1;-;1;-;3;-;-;20
W69   Afogamento e submersao em aguas naturais;12;-;39;6;47;2;14;39;19;32;5;9;17;25;11;52;39;10;19;86;31;22;36;16;31;26;2;647
W70   Afogamento submersao conseq queda aguas nat;1;1;19;1;3;2;1;7;3;-;-;-;-;-;-;7;8;-;-;1;3;5;2;-;-;-;1;65
W73   Outr afogamentos e submersao espec;2;-;1;-;2;-;-;2;1;7;3;-;19;-;8;7;5;1;2;3;3;-;-;2;1;6;3;78
W74   Afogamento e submersao NE;11;4;22;1;44;14;2;31;4;23;15;23;21;-;-;64;62;15;39;78;11;9;18;1;10;16;2;540
W75   Sufocacao e estrangulamento acid na cama;1;2;1;-;1;-;2;2;1;2;1;-;3;-;-;1;3;4;1;8;1;1;3;2;2;2;1;45
W76   Outr enforcamento e estrangulamento acid;-;-;1;-;-;-;-;2;1;1;-;-;-;-;-;-;2;1;-;2;1;-;-;1;-;1;1;14
W77   Risco resp dev desmor queda terra outr subst;-;-;-;-;-;-;2;-;-;-;-;-;-;1;-;1;-;-;-;-;-;-;-;-;-;1;-;5
W78   Inalacao do conteudo gastrico;3;-;7;1;6;-;2;10;6;8;3;12;44;2;-;8;10;3;34;38;41;16;24;19;12;1;2;312
W79   Inalacao ingest aliment caus obstr trat resp;-;1;2;3;3;3;4;4;2;6;2;5;13;1;4;4;11;3;15;33;3;8;11;5;3;9;4;162
W80   Inalac ingest outr obj caus obstr trat resp;1;-;1;-;1;-;-;6;1;1;1;-;-;-;-;1;3;1;3;1;6;-;-;-;1;-;1;29
W81   Confinado aprision ambiente pobre oxigenio;-;-;-;-;-;-;-;-;-;-;-;-;-;-;-;-;-;-;-;-;1;-;-;-;-;-;-;1
W83   Outr riscos espec a respiracao;-;1;-;-;-;-;-;-;-;-;-;1;3;-;-;-;1;-;-;2;-;-;1;-;-;-;-;9
W84   Riscos NE a respiracao;2;1;1;2;3;-;-;-;1;6;2;5;2;7;8;16;12;4;93;81;3;-;8;4;3;1;1;266
W85   Exposicao linhas transm de corrente eletrica;-;-;1;-;3;-;-;7;-;1;1;-;-;-;-;-;-;-;-;-;-;1;-;-;1;-;-;15
W86   Exposicao a outr corrente eletrica espec;-;-;-;-;3;-;1;6;-;1;-;-;1;1;-;1;1;-;-;5;-;-;-;-;1;1;-;22
W87   Exposicao a corrente eletrica NE;3;1;3;1;13;2;2;24;7;5;3;5;17;2;1;11;9;-;6;9;8;7;8;4;-;13;4;168
W89   Expos fontes lumin artif visiv luz ultraviol;-;-;-;-;-;-;-;-;-;-;-;-;-;1;-;-;-;-;-;-;-;-;-;-;-;-;-;1
W94   Expos alta baixa variacoes pressao atmosf;-;-;-;-;-;-;-;-;-;-;-;-;-;-;-;-;-;-;-;-;-;-;1;-;-;-;-;1
X00   Expos fogo n-contr edificio outr tipo constr;-;-;-;-;-;-;1;-;-;-;-;-;1;-;-;-;-;1;-;-;-;-;4;-;-;10;-;17
X02   Exposicao fogo contr edif outr tipo constr;-;-;-;-;-;-;-;-;-;-;-;-;-;-;-;-;-;-;4;1;-;-;-;-;-;-;1;6
X03   Expos fogo contr fora edif outr tipo constr;-;-;-;-;-;-;-;-;-;-;-;-;-;-;-;-;1;-;-;-;-;-;-;1;-;-;-;2
X04   Exposicao combustao subst muito inflamavel;-;-;1;-;1;2;-;-;-;-;-;-;2;-;1;-;3;1;-;5;2;-;-;-;2;-;-;20
X06   Exposicao combustao outr tipo roupa acessor;-;-;-;-;-;-;-;-;-;-;-;-;-;-;-;-;-;-;-;-;-;1;-;-;-;-;-;1
X08   Exposicao outr tipo espec fumaca fogo chamas;-;-;-;-;-;-;-;-;-;-;-;-;1;-;-;-;-;-;-;-;-;-;-;-;-;-;-;1
X09   Exposicao a tipo NE de fumaca fogo chamas;-;1;1;-;2;-;-;4;-;8;-;-;-;2;-;2;3;-;9;19;2;3;2;3;-;1;-;62
X12   Contato c/outr liquidos quentes;-;-;-;-;-;-;-;-;-;-;-;-;1;-;-;-;-;-;-;-;3;-;-;-;-;-;-;4
X15   Contato c/aparelhos domesticos quentes;-;-;-;-;1;-;-;1;-;-;-;-;-;-;-;-;-;-;-;-;-;-;-;-;-;-;-;2
X19   Contato outr fontes calor subst quentes NE;-;-;-;-;-;-;-;-;-;-;-;-;-;-;-;-;-;-;-;1;-;-;-;-;-;-;-;1
X20   Contato c/serpentes e lagartos venenosos;-;1;3;1;2;-;-;1;1;-;-;-;-;-;-;1;2;-;-;-;-;-;1;-;-;-;-;13
X22   Contato c/escorpioes;-;-;1;-;1;-;-;-;-;-;-;-;-;-;-;1;20;3;2;11;1;-;-;-;-;2;1;43
X23   Contato c/abelhas vespas e vespoes;-;-;-;-;-;-;-;-;-;1;-;-;-;-;-;-;-;-;-;-;1;-;-;1;-;-;-;3
X27   Contato c/outr animais venenosos espec;-;-;-;1;1;-;-;-;-;-;-;-;-;-;-;1;-;-;-;-;-;-;-;-;-;-;-;3
X29   Contato animais ou plantas venenosos s/espec;-;-;1;1;2;-;-;1;-;-;-;-;-;-;-;-;-;-;-;-;-;-;-;-;-;-;-;5
X33   Vitima de raio;-;-;6;-;2;1;2;1;-;-;-;-;-;-;-;-;-;-;-;-;-;-;-;1;1;-;-;14
X36   Vitima avalanc desab terra out mov sup terr;-;1;-;-;-;-;-;1;-;-;-;-;-;-;-;1;1;-;9;1;-;-;-;-;1;-;-;15
X37   Vitima de tempestade cataclismica;-;-;-;-;2;-;-;-;1;-;-;-;-;-;-;-;2;-;-;-;-;-;-;-;-;-;-;5
X41   Env ac anticon sed hipn antipark psicot NCOP;-;-;-;-;-;-;-;-;1;-;-;-;-;-;-;-;-;-;1;1;-;-;-;-;-;-;-;3
X42   Envenen acid narcot psicodislepticos NCOP;-;-;28;-;-;-;-;-;-;2;-;-;2;-;-;-;6;2;20;12;6;-;-;2;-;-;1;81
X43   Envenen acid outr subst farm sist nerv auton;-;-;-;-;-;-;-;-;-;-;-;-;-;-;-;-;-;-;-;1;-;-;-;-;-;-;-;1
X44   Envenen acid outr drog medic subst biolog NE;-;1;-;-;-;-;-;2;-;-;-;-;-;-;-;-;1;-;-;7;-;-;2;-;-;-;1;14
X45   Envenen acid p/e exposicao ao alcool;-;-;1;-;-;-;-;-;-;-;-;-;-;-;-;-;-;-;-;-;-;-;1;-;-;1;-;3
X46   Envenen acid solv org hidrocarb halog vapor;-;-;-;-;-;-;-;-;-;-;-;-;-;-;-;-;4;-;13;3;1;-;-;-;-;1;-;22
X47   Intox acid outr gases e vapores;-;-;-;-;-;-;-;-;-;-;-;-;-;-;-;-;-;-;1;-;-;-;1;-;-;1;-;3
X48   Envenen acid p/e exposicao a pesticidas;-;-;-;-;1;-;-;-;-;-;-;-;-;-;-;-;-;-;-;1;-;-;-;-;-;-;-;2
X49   Envenen acid outr subst quim nocivas e as NE;-;-;1;1;-;-;-;2;1;-;-;-;-;-;-;-;2;-;11;5;1;-;-;-;-;-;-;24
X58   Exposicao a outr fatores espec;-;-;2;-;-;-;-;-;-;-;-;1;2;-;-;-;1;-;-;-;-;-;-;-;-;-;-;6
X59   Exposicao a fatores NE;-;-;-;-;-;-;-;13;-;-;-;-;4;-;-;9;5;2;55;16;2;-;1;-;-;-;-;107
X60   Auto-int int analg antipir anti-reum n-opiac;-;-;-;-;-;-;-;-;-;1;-;-;-;-;-;-;-;-;-;-;-;-;-;-;-;-;-;1
X61   Auto-int int a-conv sed hip a-park psic NCOP;-;-;-;-;-;-;-;-;-;-;-;-;-;-;-;-;4;-;1;1;1;-;2;2;-;2;-;13
X62   Auto-intox intenc narcot psicodislept NCOP;-;-;-;-;-;-;-;1;-;-;-;-;-;-;-;-;-;-;-;2;-;-;-;-;-;-;-;3
X63   Auto-int int outr subst farm sist nerv auton;-;-;-;-;-;-;-;-;-;-;-;-;-;-;-;-;-;-;-;-;-;-;1;-;-;-;-;1
X64   Auto-int intenc out drog med subst biolog NE;-;-;-;-;1;-;2;-;-;4;-;1;-;-;-;-;3;-;-;5;2;-;3;-;1;1;1;24
X66   Auto-int int solv org hidrocarb halog vapor;-;-;-;-;-;-;-;-;-;-;-;-;-;-;-;-;1;-;-;-;-;-;-;-;-;-;-;1
X67   Auto-intox intenc p/outr gases e vapores;-;-;-;-;-;-;-;-;-;-;-;-;-;-;-;-;-;-;-;2;-;-;-;-;-;1;-;3
X68   Auto-intox intenc a pesticidas;3;-;-;-;-;-;-;2;2;1;-;3;2;1;3;2;3;1;-;-;1;1;-;1;1;1;3;31
X69   Auto-int intenc outr prod quim subst noc NE;-;-;1;1;-;1;-;-;2;1;-;1;2;-;1;1;1;-;-;3;1;-;1;-;-;2;-;19
X70   Lesao autoprov intenc enforc estrang sufoc;16;12;56;6;49;16;11;24;19;42;15;14;20;10;5;23;61;9;30;119;53;38;45;42;16;44;13;808
X71   Lesao autoprov intenc p/afogamento submersao;-;-;-;-;-;-;-;-;1;-;-;-;-;-;-;-;-;-;-;1;-;1;-;-;-;1;-;4
X72   Lesao autoprov intenc disp arma fogo de mao;-;-;1;1;1;-;-;-;1;2;-;1;1;-;-;1;1;1;-;1;2;3;2;2;1;-;2;24
X73   Les autoprov int disp arm fog maior calibre;-;-;1;-;2;-;-;-;-;-;-;-;-;-;-;-;1;-;-;-;-;-;-;-;-;-;1;5
X74   Lesao autopr intenc disp outr arma fogo e NE;-;1;2;-;1;-;1;-;1;-;1;-;1;-;1;-;3;-;4;9;2;4;4;-;1;2;-;38
X76   Lesao autoprov intenc fumaca fogo e chamas;-;-;1;-;1;-;-;1;-;-;-;-;-;-;-;-;-;-;-;-;-;-;-;-;-;1;-;4
X77   Lesao autopr int vapor agua gas  obj quent;-;-;-;-;-;-;-;-;-;-;-;-;-;-;-;-;-;-;-;-;-;-;1;-;-;-;-;1
X78   Lesao autoprov intenc obj cortante  penetr;-;-;-;-;-;-;-;-;-;-;-;-;-;-;-;-;1;-;-;-;-;-;1;-;-;-;-;2
X79   Lesao autoprov intenc p/objeto contundente;-;-;-;-;-;-;-;-;-;-;-;-;-;-;-;-;-;-;-;1;-;-;-;-;-;-;-;1
X80   Lesao autoprov intenc precip lugar elevado;-;-;1;-;3;-;-;-;1;1;-;2;1;1;-;-;5;2;4;17;5;1;3;-;-;3;1;51
X82   Lesao autoprov intenc impacto veic a motor;-;-;-;-;-;-;-;-;-;1;-;-;-;-;-;-;-;-;-;2;-;-;1;-;-;1;-;5
X83   Lesao autoprov intenc p/outr meios espec;-;-;-;-;-;-;-;1;-;-;-;-;-;-;-;-;-;-;-;-;-;-;1;-;-;-;-;2
X84   Lesao autoprov intenc p/meios NE;-;-;-;-;1;1;-;-;-;-;-;-;-;-;-;-;2;-;3;4;-;-;-;-;-;1;-;12
X85   Agressao meio drog medic e subst biologicas;-;-;-;-;-;-;-;-;-;-;-;-;-;1;-;-;-;-;-;-;-;-;-;-;1;-;1;3
X90   Agressao prod quimicos e subst nocivas NE;-;-;-;-;1;-;-;-;-;-;-;-;-;-;-;-;-;-;-;-;-;1;-;-;-;-;-;2
X91   Agressao enforc estrangulamento sufocacao;3;2;16;2;4;-;-;1;1;5;2;1;7;3;-;9;7;2;15;14;3;2;8;2;-;2;3;114
X92   Agressao p/meio de afogamento e submersao;-;-;2;-;-;-;-;1;-;-;-;-;2;-;-;2;-;-;3;1;2;-;-;-;2;1;-;16
X93   Agressao disparo de arma de fogo de mao;3;7;2;2;183;-;6;39;-;67;18;18;36;-;-;28;57;36;95;43;23;10;57;14;10;4;-;758
X94   Agressao disparo arma fogo de maior calibre;-;-;-;-;3;-;-;2;-;3;5;2;1;-;-;1;1;-;3;-;-;2;3;-;-;-;-;26
X95   Agressao disparo outr arma de fogo ou NE;30;62;145;40;407;59;54;179;59;819;341;149;579;263;170;994;380;176;757;282;200;65;321;24;68;367;77;7067
X96   Agressao p/meio de material explosivo;-;-;-;-;-;-;-;-;-;-;-;-;1;-;-;-;-;-;-;-;-;-;-;-;-;-;-;1
X97   Agressao p/meio de fumaca fogo e chamas;-;-;-;-;-;-;-;-;-;3;-;1;-;1;-;5;5;-;5;2;-;2;3;-;-;1;-;28
X99   Agressao objeto cortante ou penetrante;9;16;58;28;69;15;16;59;18;55;16;15;62;25;8;60;54;10;14;49;42;14;21;15;12;43;10;813
Y00   Agressao p/meio de um objeto contundente;1;1;10;15;13;4;5;17;2;8;2;10;22;9;3;44;11;4;12;32;6;9;4;-;10;10;1;265
Y01   Agressao p/meio projecao de um lugar elevado;-;-;1;-;-;-;-;-;-;-;-;-;-;-;-;-;-;-;-;-;-;-;-;1;-;-;-;2
Y03   Agressao p/meio de impacto veic a motor;-;-;-;1;-;1;-;-;-;4;-;-;-;-;-;-;1;-;-;2;-;-;-;-;-;-;-;9
Y04   Agressao p/meio de forca corporal;2;1;8;-;7;1;1;-;-;1;-;3;7;4;-;5;8;1;8;9;5;-;2;-;1;2;1;77
Y05   Agressao sexual p/meio de forca fisica;-;-;-;-;1;-;1;-;1;-;-;-;1;-;2;-;1;-;2;5;-;1;1;1;-;-;-;17
Y06   Negligencia e abandono;-;-;1;-;1;-;-;-;-;1;-;-;-;-;-;1;1;-;-;-;1;-;-;1;1;1;-;9
Y07   Outr sindr de maus tratos;-;-;1;1;-;-;1;1;-;-;-;-;2;-;1;2;2;1;2;2;1;-;1;2;-;3;2;25
Y08   Agressao p/outr meios espec;-;-;-;-;1;-;-;1;-;3;2;-;-;-;-;2;-;-;-;-;-;-;-;3;2;-;-;14
Y09   Agressao p/meios NE;-;-;13;30;2;-;-;3;4;2;4;1;1;1;-;30;19;2;126;7;-;2;3;-;1;1;1;253
Y11   Env antic sed hipn antip psic NCOP int n det;-;-;-;-;-;-;-;-;-;-;-;-;1;-;-;-;-;-;1;-;-;-;1;-;-;-;1;4
Y12   Envenen narcot psicodislept NCOP int n det;-;-;-;-;-;-;-;-;-;-;-;-;2;-;-;-;2;-;1;2;-;1;1;-;-;-;1;10
Y14   Env out drog med subst biolog e NE int n det;-;-;1;-;1;-;1;-;-;-;-;-;-;-;-;1;1;-;-;2;-;-;-;-;-;-;-;7
Y16   Env solv org hidrocarb halog vap int n det;-;-;-;-;-;-;-;-;-;-;-;-;-;-;-;-;-;-;-;1;-;1;-;-;-;-;-;2
Y18   Envenen pesticidas intencao nao determinada;-;-;-;-;-;-;-;-;-;-;-;-;1;-;2;-;-;-;-;-;-;-;-;-;-;-;-;3
Y19   Env out prod quim subst noc e NE int n det;-;-;-;1;2;-;-;1;-;1;-;-;-;-;-;-;-;-;1;1;-;-;-;-;-;-;-;7
Y20   Enforc estrang sufoc intenc nao determinada;-;1;3;2;10;1;1;4;-;3;4;-;7;-;2;6;7;-;4;38;9;1;2;2;3;2;-;112
Y21   Afogamento submersao intenc nao determinada;1;-;-;1;3;-;1;2;-;5;1;7;11;-;3;13;12;-;-;18;9;3;3;1;1;-;-;95
Y22   Disparo de pistola intencao nao determinada;-;-;-;-;-;-;-;1;-;-;-;-;-;-;-;-;-;-;-;-;-;-;-;-;-;-;-;1
Y23   Disparo arma fogo maior calibre intenc n det;-;-;-;-;-;-;-;1;-;-;-;-;-;-;-;-;-;-;-;-;-;-;-;-;-;-;-;1
Y24   Disparo outr arma fogo e NE intenc nao det;1;-;-;-;10;-;-;2;-;1;9;-;-;-;-;108;6;3;10;129;13;-;2;-;1;1;-;296
Y26   Exposicao fumaca fogo chamas intenc n det;-;-;-;-;1;-;-;-;-;-;-;-;2;-;-;3;1;-;2;3;1;-;-;2;-;-;-;15
Y28   Contato obj cortante penetrante intenc n det;1;-;-;2;-;-;-;3;-;3;5;-;-;1;-;8;3;-;-;13;1;-;-;-;-;-;-;40
Y29   Contato obj contundente intenc n det;-;-;-;-;2;-;-;1;-;3;2;-;5;2;-;18;2;1;-;109;3;2;1;-;3;1;1;156
Y30   Queda salto empurr lugar elev intenc n det;-;-;-;-;1;-;-;-;-;1;-;-;-;-;-;-;-;-;-;2;1;1;-;-;-;-;-;6
Y31   Queda perman corrida obj mov intenc n det;-;-;-;-;-;-;-;-;-;-;-;-;-;-;-;-;-;-;-;1;-;-;-;-;-;-;-;1
Y32   Impacto veic a motor intenc nao determinada;-;-;-;-;-;-;-;-;-;-;-;-;1;-;-;-;-;-;-;-;-;-;-;-;-;-;-;1
Y33   Outr fatos ou eventos espec intenc n det;-;-;1;-;-;-;-;1;-;1;-;-;1;-;1;3;4;-;-;-;-;-;1;-;1;-;-;14
Y34   Fatos ou eventos NE e intenc nao determinada;2;1;3;7;9;1;3;-;4;24;3;1;56;-;2;30;62;10;52;49;6;-;6;5;2;7;1;346
Y35   Intervencao legal;-;-;-;-;8;18;4;-;-;-;-;-;-;-;-;172;3;-;244;31;32;13;5;12;4;22;-;568
Y47   Sedativos hipnoticos e tranquilizantes;-;-;-;-;-;-;-;-;-;-;-;-;-;-;-;-;-;-;-;1;-;-;-;-;-;-;-;1
Y57   Outr drogas e medicamentos e as NE;-;-;-;-;-;-;-;-;-;-;-;-;-;-;-;-;-;-;1;1;-;-;-;-;-;-;-;2
Y60   Cort punc perf hemorr acid cuid med cirurg;-;-;-;-;-;-;-;-;-;-;1;-;-;-;-;1;-;-;-;-;-;-;-;-;-;-;-;2
Y83   Reac anorm compl tard interv cirurg s/acid;-;1;-;-;-;-;-;10;-;-;1;3;2;3;2;2;6;-;2;12;3;-;1;-;-;3;-;51
Y84   Reac anorm compl tard out proc med s/acid;-;-;-;-;-;-;-;-;-;-;-;-;-;-;1;3;3;-;2;4;-;-;-;-;-;-;-;13
Y85   Sequelas de acid transp;-;-;-;-;1;-;-;1;-;-;-;-;-;-;-;-;-;-;-;1;1;1;-;-;-;-;-;5
Y86   Sequelas de outr acid;-;-;-;-;-;-;-;-;-;-;-;-;-;-;-;-;-;-;1;-;-;-;-;-;1;-;-;2
Y87   Seq lesao autopr inten agress fato int indet;-;-;-;-;-;-;-;-;-;-;-;-;-;-;-;-;-;-;-;1;-;-;-;-;-;1;1;3
Y89   Sequelas de outr causas externas;-;-;-;-;-;-;-;-;-;-;-;-;-;-;-;1;-;-;-;-;1;-;-;-;-;-;-;2
Total;598;534;2258;483;4075;535;599;2943;1374;3634;1314;1356;3659;1391;1068;5927;5360;1267;5774;11233;3094;1617;2699;908;1278;2254;1038;68270
;;;;;;;;;;;;;;;;;;;;;;;;;;;;
;;;;;;;;;;;;;;;;;;;;;;;;;;;;
;;;;;;;;;;;;;;;;;;;;;;;;;;;;
;;;;;;;;;;;;;;;;;;;;;;;;;;;;
;;;;;;;;;;;;;;;;;;;;;;;;;;;;
;;;;;;;;;;;;;;;;;;;;;;;;;;;;
;;;;;;;;;;;;;;;;;;;;;;;;;;;;
;;;;;;;;;;;;;;;;;;;;;;;;;;;;
;;;;;;;;;;;;;;;;;;;;;;;;;;;;
;;;;;;;;;;;;;;;;;;;;;;;;;;;;
;;;;;;;;;;;;;;;;;;;;;;;;;;;;
;;;;;;;;;;;;;;;;;;;;;;;;;;;;
 ;;;;;;;;;;;;;;;;;;;;;;;;;;;;
